ID,Seed,LnL,Probability,Message,Sensitivity distribution for CIP,Specificity distribution for CIP,Sensitivity distribution for TET,Specificity distribution for TET,Sensitivity for CIP,Specificity for CIP,Sensitivity for TET,Specificity for TET,prob CIP test positive-0,prob CIP test positive-1,prob CIP test positive-2,prob CIP test positive-3,prob CIP test positive-4,prob CIP test positive-5,prob CIP test positive-6,prob CIP test positive-7,prob TET test positive-0,prob TET test positive-1,prob TET test positive-2,prob TET test positive-3,prob TET test positive-4,prob TET test positive-5,prob TET test positive-6,prob TET test positive-7,Prob of receiving a rapid test,Prob Tx-CIP if susceptible to CIP and TET,Pop size,Annual survey size,Initial prevalence,Initial % I by symptom states-0,Initial % I by symptom states-1,Dirichlet dist. of % I by resistance profile,Constant dist. of % I-0,Constant dist. of % I-1,Constant dist. of % I-2,Constant dist. of % I-3,Constant dist. of % I-4,Constant dist. of % I-5,Constant dist. of % I-6,Constant dist. of % I-7,Constant dist. of % I by resistance profile,Initial % I by resistance profile-0,Initial % I by resistance profile-1,Initial % I by resistance profile-2,Initial % I by resistance profile-3,Initial % I by resistance profile-4,Initial % I by resistance profile-5,Initial % I by resistance profile-6,Initial % I by resistance profile-7,Transmission parameter,Fitness-f_min-0,Fitness-f_min-1,Fitness-f_min-2,Fitness-f_min-3,Fitness-f_min-4,Fitness-f_min-5,Fitness-f_min-6,Fitness-f_min-7,Fitness-b-0,Fitness-b-1,Fitness-b-2,Fitness-b-3,Fitness-b-4,Fitness-b-5,Fitness-b-6,Fitness-b-7,Fitness-t_mid-0,Fitness-t_mid-1,Fitness-t_mid-2,Fitness-t_mid-3,Fitness-t_mid-4,Fitness-t_mid-5,Fitness-t_mid-6,Fitness-t_mid-7,Relative infectivity by infectivity profile-0,Relative infectivity by infectivity profile-1,Relative infectivity by infectivity profile-2,Relative infectivity by infectivity profile-3,Relative infectivity by infectivity profile-4,Relative infectivity by infectivity profile-5,Relative infectivity by infectivity profile-6,Relative infectivity by infectivity profile-7,Exponent for the prob of resistance by antibiotics-0,Exponent for the prob of resistance by antibiotics-1,Exponent for the prob of resistance by antibiotics-2,Prob symptomatic,Time until natural recovery,Time until screened,Time until seeking treatment (symptomatic),Time until seeking retreatment (symptomatic),Survey size (over observation periods),Initial % Susceptible,Prob of resistance by antibiotics-0,Prob of resistance by antibiotics-1,Prob of resistance by antibiotics-2,Rate of natural recovery,Rate of screening,Rate of seeking treatment,Rate of seeking retreatment,"Infectivity of CIP-S, TET-S, CRO-S","Infectivity of CIP-NS, TET-S, CRO-S","Infectivity of CIP-S, TET-NS, CRO-S","Infectivity of CIP-S, TET-S, CRO-NS","Infectivity of CIP-NS, TET-NS, CRO-S","Infectivity of CIP-NS, TET-S, CRO-NS","Infectivity of CIP-S, TET-NS, CRO-NS","Infectivity of CIP-NS, TET-NS, CRO-NS",Size of S,Size of I,Size of I by Symp/Rest-0,Size of I by Symp/Rest-1,Size of I by Symp/Rest-2,Size of I by Symp/Rest-3,Size of I by Symp/Rest-4,Size of I by Symp/Rest-5,Size of I by Symp/Rest-6,Size of I by Symp/Rest-7,Size of I by Symp/Rest-8,Size of I by Symp/Rest-9,Size of I by Symp/Rest-10,Size of I by Symp/Rest-11,Size of I by Symp/Rest-12,Size of I by Symp/Rest-13,Size of I by Symp/Rest-14,Size of I by Symp/Rest-15
16,1136163917,-11.153069260749312,0.9538582275244901,Prevalence-LnL CALC|Rate of gonorrhea cases-LnL CALC|Proportion of cases symptomatic-LnL CALC|,0.9898137612725403,0.9631992272355213,0.8346976071535628,0.9586586602712401,0,1,0,1,0,0,0,0,0,0,0,0,0,0,0,0,0,0,0,0,0,0.5,27799999.999999996,1500,0.04427092200842528,0.02395259357006986,0.9760474064299302,"[0.118496597454883, 0.00129419367528846, 0.5450759803377294, 0, 0.33513322853209926, 0, 0, 0]",0.8,0.2,0.0,0,0,0,0,0,"[0.8, 0.2, 0.0, 0, 0, 0, 0, 0]",0.118496597454883,0.00129419367528846,0.5450759803377294,0,0.33513322853209926,0,0,0,2.2936966856293024,1,0.902311319865753,0.9766868898376494,0.9404047625379066,0.8458694854511043,0.9337724613933831,0.8440690464753877,0.8953717279278162,0.3481946189057957,0.10009986397405646,0.37379577738895875,0.45041271901294533,0.17388311406373785,0.35866976541669304,0.15467926311504354,0.4947931734892552,10.540015312559849,8.722026858451517,11.90163519104669,12.787518377041657,9.668792584524398,7.339327314316008,7.74480727643137,9.89546144555137,1.0,0.9659745693617362,0.9943975694792453,0.9838298229501677,0.9561942408251427,0.9959858860906605,0.9616176235672398,0.9921809238242666,-4.185004132456158,-3.969283848427749,-3.703342149656656,0.5482153866065721,2.2427285676213704,1.7918644862115543,0.005483283244616371,0.0146872783078324,1500,0.9557290779915747,6.531243379230266e-05,0.0001073287698141028,0.00019799665367260994,0.4458854336798306,0.5580779169937387,182.37248659037007,68.08613407064821,2.2936966856293024,2.215652668147207,2.280846409312379,2.2566072041240632,2.1932195609984566,2.284489525859712,2.2056591560189043,2.2757620965203396,26569268.368165772,1230731.6318342225,3493.186622324155,38.1518130504589,16068.411781958037,0.0,9879.464353821339,0.0,0.0,0.0,142344.32413012697,1554.6532808468373,654773.8389727343,0.0,402579.6008793606,0.0,0.0,0.0
8,874363302,-14.360259573248111,0.038602797172004814,Prevalence-LnL CALC|Rate of gonorrhea cases-LnL CALC|Proportion of cases symptomatic-LnL CALC|,0.9826709233573464,0.9869162185016358,0.8435262856810533,0.9666654109302942,0,1,0,1,0,0,0,0,0,0,0,0,0,0,0,0,0,0,0,0,0,0.5,27799999.999999996,1500,0.04161547940240256,0.04310135536228381,0.9568986446377162,"[0.1113246331369582, 0.004272542103710066, 0.5495978792906826, 0, 0.3348049454686491, 0, 0, 0]",0.8,0.2,0.0,0,0,0,0,0,"[0.8, 0.2, 0.0, 0, 0, 0, 0, 0]",0.1113246331369582,0.004272542103710066,0.5495978792906826,0,0.3348049454686491,0,0,0,2.27043723662524,1,0.9204550118192066,0.9451029119615038,0.9540486297210837,0.9658722591870408,0.8385982617449717,0.8405216234554799,0.9092967150243076,0.46916397695220335,0.11344404826162138,0.3852634377951072,0.13788899632503557,0.465384960309272,0.1404669150019034,0.3134796368709797,0.2704225740979036,7.46589965027423,11.421821239393394,11.357447784571738,7.060566292208806,9.17375053518931,12.459892963373598,9.94128203540614,10.670919659434716,1.0,0.9681490933935754,0.9891050013691447,0.9884560333795289,0.9978558889514832,0.9334397621853034,0.9727567680782437,0.9784422912465661,-3.32631905416389,-4.6589804640220285,-4.42216968031083,0.5704858012564327,2.3535137262241035,1.7124173823359086,0.03313745984131345,0.023737477684541954,1500,0.9583845205975975,0.00047171636780898467,2.1929035770652804e-05,3.782947548105381e-05,0.4248966083594361,0.5839697788140296,30.177328159392303,42.12747509610966,2.27043723662524,2.198121752245741,2.2457008260407654,2.2442273849517638,2.265569167061228,2.1193163942121216,2.2085831884240674,2.221491811935122,26643089.672613207,1156910.327386791,5551.136386487212,213.0477619048152,27405.37021948525,0.0,16694.848775116898,0.0,0.0,0.0,123241.4813822055,4729.900322072247,608430.0922417844,0.0,370644.45029773464,0.0,0.0,0.0
5,738367469,-16.481038680635592,0.0046299479774068635,Prevalence-LnL CALC|Rate of gonorrhea cases-LnL CALC|Proportion of cases symptomatic-LnL CALC|,0.9855416303404988,0.977446344671209,0.8568616177136871,0.9783199709800633,0,1,0,1,0,0,0,0,0,0,0,0,0,0,0,0,0,0,0,0,0,0.5,27799999.999999996,1500,0.04582214779719508,0.011892441757128815,0.9881075582428712,"[0.11611769042996893, 0.005662281783190734, 0.5090539076167749, 0, 0.3691661201700653, 0, 0, 0]",0.8,0.2,0.0,0,0,0,0,0,"[0.8, 0.2, 0.0, 0, 0, 0, 0, 0]",0.11611769042996893,0.005662281783190734,0.5090539076167749,0,0.3691661201700653,0,0,0,1.90476914146446,1,0.9330274011356015,0.9686670185588854,0.9631227909244404,0.8466344513619871,0.9457924641914628,0.9426659772540813,0.7091618440458008,0.24131950356929976,0.10509116066944567,0.14955627773488855,0.22143226929196566,0.32374259712705045,0.25119540623458114,0.18419057921937917,0.13522892136142067,9.161623728772536,10.341436919985508,7.608326053188075,7.832623496449804,9.626334690877293,10.978863661842244,12.421552476596146,8.557569852783676,1.0,0.9745189198677805,0.9921901304361864,0.9937163064922385,0.976972817980885,0.9854773435106862,0.9779671764824113,0.9140441753677065,-4.6465190297894745,-3.3936356615768664,-3.1492637799910934,0.6906806725163119,4.944685377590614,2.497957209264888,0.027209701297052465,0.02778954929000643,1500,0.9541778522028049,2.2567371082795567e-05,0.00040398416133019386,0.0007091469184025229,0.20223733637978558,0.40032711380764013,36.75159786147034,35.98475058246505,1.90476914146446,1.8562335663374252,1.8898931429204455,1.8928001559764553,1.8609076757395646,1.8771068335315264,1.8628016991288245,1.7410431391757368,26526144.291237973,1273855.7087620231,1759.0964818327345,85.77934961566966,7711.787365353597,0.0,5592.591626636404,0.0,0.0,0.0,146158.08636064452,7127.150624521056,640749.4389198907,0.0,464671.7780335283,0.0,0.0,0.0
7,569236946,-18.021540465850777,0.000992075413253939,Prevalence-LnL CALC|Rate of gonorrhea cases-LnL CALC|Proportion of cases symptomatic-LnL CALC|,0.9792334578799167,0.968655926979206,0.8586216372096436,0.9660866684947689,0,1,0,1,0,0,0,0,0,0,0,0,0,0,0,0,0,0,0,0,0,0.5,27799999.999999996,1500,0.054689945277313884,0.02595102753134665,0.9740489724686534,"[0.11607972943895692, 0.005088359478324179, 0.5750813163965468, 0, 0.3037505946861721, 0, 0, 0]",0.8,0.2,0.0,0,0,0,0,0,"[0.8, 0.2, 0.0, 0, 0, 0, 0, 0]",0.11607972943895692,0.005088359478324179,0.5750813163965468,0,0.3037505946861721,0,0,0,2.0695180583174966,1,0.979809177124902,0.9472989218781888,0.9891486359726819,0.9564855799396935,0.9803909756049389,0.9597607320823095,0.7905155166219902,0.455055681849201,0.26565897424478,0.40860716245195894,0.28347435689174155,0.4531768813532693,0.1441324111715413,0.13038121448769152,0.2396397498152307,11.53638929659705,9.608083499845144,11.173659447928562,9.677170735291757,10.877319574888181,9.95745083091169,8.987986488989424,8.113266698687204,1.0,0.9960926843973467,0.990815406220341,0.998025986183747,0.9941363874792452,0.993597502381589,0.9873636706686709,0.9661290089960675,-3.7213780235793497,-3.4408013054695585,-3.1159169809400757,0.5631798298794896,2.028032529687662,2.5699152866121366,0.034800758452741616,0.010269017361203161,1500,0.9453100547226861,0.00018994242415511215,0.0003624087665137556,0.0007657429711607536,0.4930887376614272,0.38911788462812646,28.735005915401814,97.38030084339401,2.0695180583174966,2.0614317981182597,2.050510375632182,2.065432801077393,2.0573832063188178,2.05626797387786,2.043366946575464,1.9994214307817486,26279619.52129067,1520380.4787093257,4579.976296437555,200.76344001760722,22690.083878989077,0.0,11984.612045663469,0.0,0.0,0.0,171905.3783164128,7535.478979482043,851652.323240782,0.0,449831.8625115413,0.0,0.0,0.0
19,1837776314,-18.231965920374286,0.0008038186397610903,Prevalence-LnL CALC|Rate of gonorrhea cases-LnL CALC|Proportion of cases symptomatic-LnL CALC|,0.9926663021933921,0.976740678337588,0.8344014546346797,0.9667856680810352,0,1,0,1,0,0,0,0,0,0,0,0,0,0,0,0,0,0,0,0,0,0.5,27799999.999999996,1500,0.0365030500083719,0.0058245580580909345,0.9941754419419091,"[0.10835431773289556, 0.0016269201655890512, 0.5711762765274034, 0, 0.318842485574112, 0, 0, 0]",0.8,0.2,0.0,0,0,0,0,0,"[0.8, 0.2, 0.0, 0, 0, 0, 0, 0]",0.10835431773289556,0.0016269201655890512,0.5711762765274034,0,0.318842485574112,0,0,0,1.9086141005686197,1,0.9488999390030549,0.9481870407925014,0.9957136380143337,0.9649486635221464,0.8960876379996636,0.8944094198881266,0.926799523842146,0.33543726326854995,0.11046891746732719,0.23550586845474664,0.21697187200139836,0.2108390080843249,0.33239155035075374,0.10189846186416657,0.14990174883993365,9.043117711054368,10.869846789444331,12.74155841545255,10.235237111606821,7.131236422970463,11.404220530578897,9.114678913660176,11.795690982495305,1.0,0.9801537852454867,0.9807703557641609,0.9988720329187384,0.9943765043039938,0.9757394752177057,0.9625301648980686,0.9719748511171031,-3.0562219508079522,-3.01257276968117,-3.2889694620008054,0.651012514485032,4.292445800468832,2.403881507309469,0.01710843684756013,0.013859384597691442,1500,0.963496949991628,0.0008785733978101822,0.0009714651608074408,0.0005140797985223328,0.23296741449613118,0.4159938819610308,58.450693591133785,72.15327585083179,1.9086141005686197,1.8707353352452425,1.8719121304311792,1.9064612466923465,1.8978810173887353,1.8623101208819381,1.8370986449470925,1.8551249062401878,26785215.209767256,1014784.7902327387,640.4469323666923,9.616192977427506,3376.0361543169824,0.0,1884.573647517115,0.0,0.0,0.0,109315.86665902124,1641.3576459852704,576244.9618074609,0.0,321671.9311930931,0.0,0.0,0.0
22,2086686164,-18.340886348425975,0.0007208659828544615,Prevalence-LnL CALC|Rate of gonorrhea cases-LnL CALC|Proportion of cases symptomatic-LnL CALC|,0.9826891672032125,0.9800223462091893,0.848924354581354,0.9569465249622838,0,1,0,1,0,0,0,0,0,0,0,0,0,0,0,0,0,0,0,0,0,0.5,27799999.999999996,1500,0.042702206853919525,0.037262405852326125,0.9627375941476739,"[0.0882092478651685, 0.012236811357634847, 0.5216826673499239, 0, 0.3778712734272727, 0, 0, 0]",0.8,0.2,0.0,0,0,0,0,0,"[0.8, 0.2, 0.0, 0, 0, 0, 0, 0]",0.0882092478651685,0.012236811357634847,0.5216826673499239,0,0.3778712734272727,0,0,0,2.74012385039417,1,0.9982306789410095,0.9164586216513682,0.9956919237430574,0.9567699081717506,0.9806498751133702,0.833923917901598,0.9644626798850823,0.36062491805993413,0.23803024114873073,0.21393980614878952,0.11238005770077937,0.23563044428549884,0.30023515223152636,0.2278272392907139,0.18365514125391438,10.827415451532449,12.992774646810105,8.424676530813406,11.58641605725607,8.441481157962958,8.385359929274266,7.267876881998339,11.609271221784608,1.0,0.9993208311477562,0.9835087316629166,0.9982518886831386,0.9923737377448978,0.997652823641413,0.9755634835391993,0.9875631808360107,-4.2537437084221565,-3.0471119082216784,-3.1266724687911935,0.5216361200367938,1.1061251004806192,2.3597643226064244,0.03289881553978254,0.0035391337471475564,1500,0.9572977931460804,5.5751465976338247e-05,0.0008971975764528478,0.0007470119188670047,0.9040568734634924,0.4237711327440838,30.396231098069798,282.5550181046343,2.74012385039417,2.7382628436236915,2.6949357327004777,2.735333808881694,2.7192269472996036,2.733692296472924,2.67316476881938,2.7060454255798834,26612878.64946103,1187121.3505389625,3901.9358640626115,541.2953205440292,23076.631517184796,0.0,16715.134857952893,0.0,0.0,0.0,100813.14559166231,13985.284704621965,596224.0011000251,0.0,431863.92158290866,0.0,0.0,0.0
3,258782015,-19.75024184952744,0.00017610805264574864,Prevalence-LnL CALC|Rate of gonorrhea cases-LnL CALC|Proportion of cases symptomatic-LnL CALC|,0.9885366777285582,0.9860278504385952,0.8545401265534445,0.9760257160470824,0,1,0,1,0,0,0,0,0,0,0,0,0,0,0,0,0,0,0,0,0,0.5,27799999.999999996,1500,0.051693960658668076,0.005073917511050347,0.9949260824889496,"[0.08680009085815445, 0.0027476923168609415, 0.5548862475113301, 0, 0.3555659693136545, 0, 0, 0]",0.8,0.2,0.0,0,0,0,0,0,"[0.8, 0.2, 0.0, 0, 0, 0, 0, 0]",0.08680009085815445,0.0027476923168609415,0.5548862475113301,0,0.3555659693136545,0,0,0,2.0235990857059147,1,0.9777355571990295,0.949200939387352,0.9047461157284921,0.9772046715145254,0.8472150438776054,0.950640021985538,0.9259958316836964,0.2334306570368937,0.1794685490996919,0.4049569670572134,0.2331645162107323,0.3917083854941298,0.3422843663299522,0.26356789760616905,0.26574656480430026,8.701106115021773,7.956054567667917,8.715045716869753,9.206959357573044,12.443315819807317,11.929088781750039,9.814015987082223,11.29396222376441,1.0,0.9950828805846986,0.9962773918518117,0.9803315471690529,0.993842202040117,0.9602339772506283,0.9899330577892131,0.9798012917692549,-3.0962767472630714,-3.2390794541727606,-3.523755026663781,0.6483808932951036,3.6608999090855603,2.2438102640531303,0.02256184457912349,0.021834525049387148,1500,0.948306039341332,0.0008011673695035146,0.0005766609536231638,0.00029939529652877987,0.2731568807762858,0.4456704811545159,44.322617173123405,45.79902689607934,2.0235990857059147,2.013648807352804,2.0160660192607995,1.9837980225399603,2.0111381713843337,1.9431285984281257,2.003227630652312,1.9827249981977384,26362907.893689025,1437092.1063109722,632.9190770272669,20.035311806118493,4046.0567282574593,0.0,2592.675686112624,0.0,0.0,0.0,124106.80632230167,3928.651627326047,793376.5894707913,0.0,508388.3720873496,0.0,0.0,0.0
30,927278787,-20.387807140526547,9.308680557991198e-05,Prevalence-LnL CALC|Rate of gonorrhea cases-LnL CALC|Proportion of cases symptomatic-LnL CALC|,0.9834755576837338,0.9857302007322957,0.8641523834617139,0.9719112734469926,0,1,0,1,0,0,0,0,0,0,0,0,0,0,0,0,0,0,0,0,0,0.5,27799999.999999996,1500,0.03778732129520701,0.03293995419769209,0.9670600458023079,"[0.1080061325005628, 0.009328722497385302, 0.5432367800491213, 0, 0.3394283649529304, 0, 0, 0]",0.8,0.2,0.0,0,0,0,0,0,"[0.8, 0.2, 0.0, 0, 0, 0, 0, 0]",0.1080061325005628,0.009328722497385302,0.5432367800491213,0,0.3394283649529304,0,0,0,2.1862194995410524,1,0.9100022753124353,0.9116212083529964,0.9211031313736833,0.8945448669865007,0.8534851710083694,0.9668216459712282,0.938525470971127,0.22303101392642538,0.261895740206996,0.27492151992657,0.48591388627427745,0.3875396711983634,0.40886693196027846,0.316311752842911,0.2225716860448329,11.077490831063766,11.129859499356225,9.380620287512702,7.360530438227672,11.604726323891683,10.417148592418396,9.66976774627459,10.598397036601668,1.0,0.9759466421688028,0.9843929047502227,0.9981016106317652,0.9775630509757256,0.9803647763495937,0.9947875329914891,0.9831678390714776,-3.597688529424409,-4.952538192091819,-4.774482116843948,0.5667599039075184,3.4810175940958703,1.5280443160521375,0.033865994912037074,0.018865423606323053,1500,0.962212678704793,0.00025252912304991757,1.1154800511179263e-05,1.6808071357003513e-05,0.2872723199377369,0.6544312815374391,29.528144753974658,53.00702602112967,2.1862194995410524,2.1336335796210504,2.1520989635747947,2.182069203686496,2.137167404073975,2.143292590718685,2.1748239025263314,2.1494207010997037,26749512.46799324,1050487.5320067548,3737.3374114568983,322.8018889612221,18797.628378614372,0.0,11745.243510516608,0.0,0.0,0.0,109721.75816065387,9476.904784092954,551865.8359904834,0.0,344820.0218819753,0.0,0.0,0.0
2,1387578086,-20.699400807390084,6.816551448704926e-05,Prevalence-LnL CALC|Rate of gonorrhea cases-LnL CALC|Proportion of cases symptomatic-LnL CALC|,0.9862042379944663,0.9912395994660536,0.8588145494812366,0.9643603843895494,0,1,0,1,0,0,0,0,0,0,0,0,0,0,0,0,0,0,0,0,0,0.5,27799999.999999996,1500,0.052986827924601874,0.047173086932711356,0.9528269130672886,"[0.0915571591057349, 0.002618021073751041, 0.5691810828811891, 0, 0.3366437369393251, 0, 0, 0]",0.8,0.2,0.0,0,0,0,0,0,"[0.8, 0.2, 0.0, 0, 0, 0, 0, 0]",0.0915571591057349,0.002618021073751041,0.5691810828811891,0,0.3366437369393251,0,0,0,1.7486749776892005,1,0.9095240080963048,0.9628920002537013,0.9406484252184244,0.9081739381837183,0.9373500953379926,0.8443935084368079,0.9331768932747893,0.47438308682351005,0.317027031513906,0.19801972349411112,0.10743007413689082,0.17223288389222025,0.23430218956123863,0.31345973863217624,0.49327465239946033,9.200535771675284,11.183780043310378,11.33090395050245,10.606919233792103,11.67109759097351,7.513463468845575,12.9292611215686,12.035544120155528,1.0,0.9791173175692768,0.9878735237834567,0.977170777063169,0.9668297715638104,0.9907217440569153,0.9463851645200955,0.9873323259090228,-4.714959180078208,-3.4579065828099136,-3.5111932533437353,0.4258105293341289,2.0034604600833776,2.1463039494816947,0.0342284792310215,0.027506236215880078,1500,0.9470131720753981,1.9277060923614978e-05,0.00034841225081011956,0.0003081816291485723,0.49913637924173615,0.4659172342488991,29.21543762580294,36.35539199734908,1.7486749776892005,1.7121579534555649,1.7274697121617881,1.708754086779476,1.6906710292186011,1.7324503236849322,1.6549200564525683,1.7265233329807868,26326966.183696065,1473033.8163039319,6362.082879174136,181.91987620971622,39551.000248558244,0.0,23392.549267386865,0.0,0.0,0.0,128504.70860829283,3674.513697221897,798871.9824359241,0.0,472495.05929116404,0.0,0.0,0.0
17,1127434247,-21.15923956171622,4.3038713730160514e-05,Prevalence-LnL CALC|Rate of gonorrhea cases-LnL CALC|Proportion of cases symptomatic-LnL CALC|,0.978477585658695,0.9916126415514942,0.8553918963058218,0.9694800978112735,0,1,0,1,0,0,0,0,0,0,0,0,0,0,0,0,0,0,0,0,0,0.5,27799999.999999996,1500,0.03486477046342543,0.04732168729603542,0.9526783127039646,"[0.10654138476511538, 0.0028929616528927077, 0.533879749884565, 0, 0.35668590369742686, 0, 0, 0]",0.8,0.2,0.0,0,0,0,0,0,"[0.8, 0.2, 0.0, 0, 0, 0, 0, 0]",0.10654138476511538,0.0028929616528927077,0.533879749884565,0,0.35668590369742686,0,0,0,1.8032054052668451,1,0.9713803753004298,0.9326630129242963,0.9353865431468547,0.9700152422281627,0.8329390127709037,0.8222488862945597,0.9842546370836849,0.28226198413312575,0.47437602996724515,0.4960772613515545,0.42761810268494116,0.27788834135181056,0.2280400178843036,0.34957300912817924,0.10029108751952154,10.475404936050278,11.091599576789438,11.030040465969138,8.164291109925284,11.272236521962993,10.90882999478136,11.92028115259216,8.998942390757815,1.0,0.9960942967861925,0.9916851295974092,0.9966772940125063,0.992114730202534,0.952685669468305,0.9545972208454476,0.9944204558759847,-4.35790352946061,-3.800520043093552,-3.011682146232949,0.5516985083208819,3.8915535319734005,1.9846907238921365,0.03600216822079806,0.007868596511245225,1500,0.9651352295365746,4.386281201317878e-05,0.00015829965082620368,0.0009734594238077718,0.2569667850599762,0.5038568417546289,27.776104868659296,127.08746706872984,1.8032054052668451,1.7961626201203396,1.7882119860128,1.797213883870084,1.7889866441460671,1.7178879487055105,1.7213348684812195,1.793144341143496,26830759.38111677,969240.6188832269,4886.637965606507,132.68887275339847,24486.98278707413,0.0,16359.791855973866,0.0,0.0,0.0,98377.59974080992,2671.2870701017728,492970.95640026405,0.0,329354.67419064324,0.0,0.0,0.0
14,1633958553,-22.601746740058488,1.0171532139988534e-05,Prevalence-LnL CALC|Rate of gonorrhea cases-LnL CALC|Proportion of cases symptomatic-LnL CALC|,0.9721630285787907,0.9502966617030989,0.8517491593907905,0.9735325551814756,0,1,0,1,0,0,0,0,0,0,0,0,0,0,0,0,0,0,0,0,0,0.5,27799999.999999996,1500,0.040523344615668484,0.019450270925943355,0.9805497290740567,"[0.10794235102163373, 0.0034124713805713195, 0.5601912327288276, 0, 0.32845394486896745, 0, 0, 0]",0.8,0.2,0.0,0,0,0,0,0,"[0.8, 0.2, 0.0, 0, 0, 0, 0, 0]",0.10794235102163373,0.0034124713805713195,0.5601912327288276,0,0.32845394486896745,0,0,0,2.500054920730859,1,0.9757725905521972,0.9393303296431159,0.9725092988733083,0.9715070769174552,0.8997236801889362,0.9028689163795719,0.9672399162371013,0.39151407174437625,0.14491638106765625,0.3912638465322852,0.25785522470106204,0.30403391331342855,0.13054722031756527,0.2608663182520963,0.1058679261568635,11.486470913953474,12.196886150052272,12.000951063988495,7.686148267658298,8.749723894833751,8.439066765114706,10.919144520650178,12.363306555743979,1.0,0.990297202041284,0.9855850220838039,0.9963635550891552,0.9962748917112291,0.9700580709766082,0.9749987345534238,0.9858750449497262,-3.1327536808565766,-4.872147489066856,-4.888649074098091,0.5391521369682436,3.6810889423014648,1.1519639139324647,0.015937719816599787,0.020151043118587928,1500,0.9594766553843315,0.0007366247710891153,1.3423090273536476e-05,1.2922630478867367e-05,0.27165874437545834,0.8680827479971098,62.744232644776396,49.62522258103701,2.500054920730859,2.475797392949314,2.4640166842592466,2.490963608737535,2.490741945423262,2.425198453739754,2.4375503840266477,2.46474175735232,26673451.01968441,1126548.9803155838,2365.198564743969,74.77299072297896,12274.732642860723,0.0,7196.978680155662,0.0,0.0,0.0,119237.14691154432,3769.5431634157535,618808.1293695299,0.0,362822.4779926106,0.0,0.0,0.0
0,1288132156,-24.75507186162669,1.1808892189278615e-06,Prevalence-LnL CALC|Rate of gonorrhea cases-LnL CALC|Proportion of cases symptomatic-LnL CALC|,0.9880361626604611,0.9878547934906838,0.8453330948320266,0.9601822712209691,0,1,0,1,0,0,0,0,0,0,0,0,0,0,0,0,0,0,0,0,0,0.5,27799999.999999996,1500,0.0380853065695107,0.04527961437749795,0.954720385622502,"[0.10863826137193314, 0.0009826662061396757, 0.5532311038087828, 0, 0.3371479686131444, 0, 0, 0]",0.8,0.2,0.0,0,0,0,0,0,"[0.8, 0.2, 0.0, 0, 0, 0, 0, 0]",0.10863826137193314,0.0009826662061396757,0.5532311038087828,0,0.3371479686131444,0,0,0,2.6287477585656243,1,0.9259522413839759,0.9187715610230673,0.9123359795995906,0.8405789056293027,0.9893359263142079,0.8719341063777348,0.8183496196088089,0.34181873934004603,0.32146204979306386,0.2759454616212965,0.49667628791753027,0.13722833182481456,0.3492949147746019,0.49339893338711793,0.21435597576832777,8.100598390151312,10.125203008493514,10.503082197153315,9.63765277558905,7.583483312736473,11.617120448793507,7.710565851200196,12.86605869268592,1.0,0.987151205513416,0.9817070916402719,0.9942356321123751,0.957597241073104,0.9974836043723174,0.9965508346972768,0.9294149765978706,-4.117358083233876,-3.3379707674205243,-3.469475399493824,0.4659525874224936,2.22379933121611,1.1000239953876427,0.023427358930768163,0.030575532552094397,1500,0.9619146934304893,7.632062474673457e-05,0.00045922892272577464,0.00033925370594152943,0.4496808619207285,0.9090710786246123,42.68513591118702,32.70588985804929,2.6287477585656243,2.594971518858746,2.5806603167173425,2.6135946894014825,2.5172816010795476,2.6221327891996893,2.6196807730071683,2.4431975365089746,26741228.4773676,1058771.5226323975,5208.201495180287,47.10977089883751,26522.323034723577,0.0,16163.131957868605,0.0,0.0,0.0,109814.89591371773,993.3092244150683,559223.0151125033,0.0,340799.53612309,0.0,0.0,0.0
23,45916985,-25.58340993773294,5.157823803013613e-07,Prevalence-LnL CALC|Rate of gonorrhea cases-LnL CALC|Proportion of cases symptomatic-LnL CALC|,0.9868633158021474,0.9849560028660506,0.8543466581676875,0.971151394712513,0,1,0,1,0,0,0,0,0,0,0,0,0,0,0,0,0,0,0,0,0,0.5,27799999.999999996,1500,0.030139453407244127,0.017250770236885378,0.9827492297631146,"[0.12848842672177097, 0.006813235801383156, 0.5292182396934378, 0, 0.335480097783408, 0, 0, 0]",0.8,0.2,0.0,0,0,0,0,0,"[0.8, 0.2, 0.0, 0, 0, 0, 0, 0]",0.12848842672177097,0.006813235801383156,0.5292182396934378,0,0.335480097783408,0,0,0,2.333821234205057,1,0.9782815517147105,0.9743294734478701,0.9819021366031734,0.9031639117849511,0.8549393379001433,0.8274682904830623,0.9324035176963256,0.14980336573348005,0.1692460989284374,0.4099046485606518,0.4605074880168242,0.21583127543739822,0.12466388384138237,0.2061109851863673,0.3158212965048675,8.764508397034493,7.895187109986043,12.75442254326751,12.764387969825163,10.295881958087596,9.576897347306485,12.599879729740639,11.947460239942567,1.0,0.9949696535133296,0.9926461600234048,0.9952058971975899,0.9741684124000043,0.9510164845244813,0.9344858785226157,0.9812567055897439,-3.290907715066293,-3.4551206176395715,-3.7605339903287085,0.695432328977859,4.898028300790367,1.8555945892698555,0.03441803384610328,0.01275522379455656,1500,0.9698605465927559,0.0005117905763685523,0.00035065447232665505,0.0001735665414618335,0.2041637856275015,0.538910819088712,29.05453590031894,78.39925164047389,2.333821234205057,2.322081304759057,2.316658686314733,2.3226326552858305,2.2735349265509592,2.2195024656622793,2.180922986360848,2.2900777357114444,26962123.19527861,837876.8047213866,1857.1743210929408,98.47864820758916,7649.331150586252,0.0,4849.036125177537,0.0,0.0,0.0,105800.29810422256,5610.1735948686855,435770.35652402835,0.0,276241.9562532027,0.0,0.0,0.0
31,1539287388,-41.925540317291095,4.122583452122246e-14,Prevalence-LnL CALC|Rate of gonorrhea cases-LnL CALC|Proportion of cases symptomatic-LnL CALC|,0.9741623372991783,0.9899196735404727,0.8583456582271566,0.9668879721159847,0,1,0,1,0,0,0,0,0,0,0,0,0,0,0,0,0,0,0,0,0,0.5,27799999.999999996,1500,0.0351374972230207,0.02132460836600743,0.9786753916339925,"[0.08825280446355145, 0.0069949826150643105, 0.5878886717266747, 0, 0.31686354119470944, 0, 0, 0]",0.8,0.2,0.0,0,0,0,0,0,"[0.8, 0.2, 0.0, 0, 0, 0, 0, 0]",0.08825280446355145,0.0069949826150643105,0.5878886717266747,0,0.31686354119470944,0,0,0,1.9255029351153172,1,0.9716509797798496,0.9929965210118674,0.9026237677926263,0.9412197184348315,0.9874881564147515,0.9778146986355081,0.7136933211679982,0.35711184208825375,0.37577660805449586,0.39126581857646103,0.2976518159073186,0.2568958843916155,0.40524720067048114,0.45282506496579433,0.43899772523458036,7.670600701838625,9.838278947578566,7.0912857832494725,12.787946087421277,12.675991990735593,10.953989449331653,11.748811949235586,9.267990861543826,1.0,0.996414355544293,0.9996942877710947,0.9666601450660783,0.9790650522465099,0.99795333406283,0.9958306969334968,0.9784392626396856,-3.507505813144169,-3.542623019667813,-4.090863948821411,0.4604355453991406,4.938604568989322,1.1972878492575805,0.013998220230975396,0.009029008092385361,1500,0.9648625027769793,0.00031080942998135114,0.0002866665239640849,8.11215146947685e-05,0.20248634731341703,0.8352210377981238,71.43765303729045,110.75413708437726,1.9255029351153172,1.9185987661915735,1.9249142853212595,1.8613069465837322,1.885192631769486,1.921562073846096,1.91747492982338,1.8839876720447815,26823177.57720002,976822.4227999754,1838.3373004976784,145.70797535296865,12245.930090771533,0.0,6600.38024272182,0.0,0.0,0.0,84368.98097448112,6687.147890137858,562016.9065619382,0.0,302919.03176407405,0.0,0.0,0.0
4,1767692546,-43.9506875173234,5.440755398763572e-15,Prevalence-LnL CALC|Rate of gonorrhea cases-LnL CALC|Proportion of cases symptomatic-LnL CALC|,0.9907859569101989,0.9824036536973528,0.8436137619713994,0.9768500935379775,0,1,0,1,0,0,0,0,0,0,0,0,0,0,0,0,0,0,0,0,0,0.5,27799999.999999996,1500,0.03147941268431441,0.038917612199870034,0.96108238780013,"[0.1067716206588294, 0.0036153791119973213, 0.5305737833952733, 0, 0.35903921683389994, 0, 0, 0]",0.8,0.2,0.0,0,0,0,0,0,"[0.8, 0.2, 0.0, 0, 0, 0, 0, 0]",0.1067716206588294,0.0036153791119973213,0.5305737833952733,0,0.35903921683389994,0,0,0,1.9547203053641624,1,0.9403376444440864,0.9671920874015913,0.9866311858476401,0.8910627638076426,0.9018767134153822,0.9122359427644146,0.922405694421614,0.13264996063294446,0.11107691430413436,0.26130602294887023,0.403200880472499,0.4356008702343238,0.3744789474354894,0.3676815394517292,0.11785846551383346,8.456476662377854,10.38794261602131,11.169651833129919,11.45344680913756,7.264602026467373,9.928332521321984,12.374990863129637,8.353986001698372,1.0,0.9776172663915879,0.991149914304424,0.9974022539734719,0.9963471913227746,0.9871445690558469,0.9756665858726624,0.9756276631335995,-4.5897660301585566,-4.507224975369926,-4.684870946474739,0.45680194439336697,4.924929950571411,1.2313524343212177,0.031708113722957926,0.035724956359270504,1500,0.9685205873156856,2.5717809192242802e-05,3.110104807900908e-05,2.0659939886080944e-05,0.20304857328660603,0.8121151768796798,31.53766915109682,27.991636713098558,1.9547203053641624,1.9109683214902424,1.9374208631508072,1.949642438457929,1.9475800860711796,1.9295915334634195,1.9071552866706205,1.9070792036022337,26924872.327376056,875127.6726239404,3636.414978518781,123.13214574029982,18070.21792160464,0.0,12228.11434268961,0.0,0.0,0.0,89802.38491092883,3040.7861621951242,446249.58229637955,0.0,301977.03986588353,0.0,0.0,0.0
1,1118816066,-inf,0.0,Infeasible trajectory,0.9805805661551452,0.9849079586300317,0.8597697556055809,0.9696563414130129,0,1,0,1,0,0,0,0,0,0,0,0,0,0,0,0,0,0,0,0,0,0.5,27799999.999999996,1500,0.04646120922159697,0.011149219089697543,0.9888507809103024,"[0.1253167387462912, 0.00403677449961682, 0.47999662492530026, 0, 0.39064986182879163, 0, 0, 0]",0.8,0.2,0.0,0,0,0,0,0,"[0.8, 0.2, 0.0, 0, 0, 0, 0, 0]",0.1253167387462912,0.00403677449961682,0.47999662492530026,0,0.39064986182879163,0,0,0,1.7307156551097855,1,0.9911172348216517,0.9658500049703523,0.9809781972060629,0.9171108530021802,0.8216340663613212,0.9463530786312183,0.8854433166978366,0.41005402628645726,0.2721038565150743,0.17333340118188115,0.14111661882597692,0.26648170516400604,0.22734932052330747,0.44227823744470496,0.2336985843942826,12.308378643841992,9.629036186382685,10.41084311806606,8.394968669139761,8.707751403342643,10.7114759482498,12.88811359268106,11.402310605937721,1.0,0.9918883443930175,0.971423572711889,0.9859227746566155,0.9264886130496774,0.8392305928532141,0.9466286015993315,0.8946657520559235,-3.8174791059339452,-4.883763588545426,-4.903113995884837,0.48018583377829316,2.2081357741688876,0.9979961770351544,0.025407353908728066,0.023444931618636346,1500,0.953538790778403,0.0001522372373009178,1.3068821056001888e-05,1.249930898761468e-05,0.45287070283365455,1.0020078463334383,39.35868345803908,42.65314210620693,1.7307156551097855,1.716676685761922,1.6812579850351452,1.7063519808274816,1.603488346886029,1.4524695252981241,1.638344940362647,1.5484120231737566,26508378.3836396,1291621.6163603957,1804.6327669659995,58.13186337070145,6912.226140252326,0.0,5625.581611202292,0.0,0.0,0.0,160057.17588953205,5155.853340706803,613061.7903932985,0.0,498946.2243550668,0.0,0.0,0.0
6,55714619,-inf,0.0,Infeasible trajectory,0.9615681441799867,0.9614984302993977,0.8500123555624431,0.9640457277083894,0,1,0,1,0,0,0,0,0,0,0,0,0,0,0,0,0,0,0,0,0,0.5,27799999.999999996,1500,0.05866298670634916,0.04417075584542769,0.9558292441545723,"[0.10965150475122391, 0.004741509024041813, 0.5626235245356378, 0, 0.3229834616890965, 0, 0, 0]",0.8,0.2,0.0,0,0,0,0,0,"[0.8, 0.2, 0.0, 0, 0, 0, 0, 0]",0.10965150475122391,0.004741509024041813,0.5626235245356378,0,0.3229834616890965,0,0,0,1.2953142384881897,1,0.9269487639471381,0.9922534907319102,0.9049737261369502,0.8219929680726664,0.9966414522866149,0.8957020779015631,0.8485995149087864,0.40437912740106463,0.28368111895214626,0.27666261231573963,0.2856674054603736,0.1974711768427272,0.26514294505085256,0.15309101123170424,0.44467119783508124,12.163453034748596,9.593433935205072,10.93575497313437,8.418221959630396,10.695969859881098,12.447296713834975,9.327405460624739,9.361259239847099,1.0,0.9392998003984023,0.993240362421744,0.9258474127526312,0.859340992122233,0.9969631859886432,0.9276253251044746,0.8612781919523621,-3.413650258453516,-4.411848699014254,-4.166489920077396,0.4166923960545414,4.468171999155959,2.3734127554965037,0.007625338601103579,0.017906372856465617,1500,0.9413370132936508,0.0003857889121447695,3.873925825580883e-05,6.815693936866421e-05,0.22380517137408784,0.4213342149123177,131.1417174124274,55.84603917364096,1.2953142384881897,1.216688405665165,1.2865583836860548,1.199263336405935,1.1131166228124958,1.2913806100596388,1.201566291590062,1.1156259053352588,26169168.969563488,1630831.0304365065,7898.750450830213,341.55478874855805,40528.60768446453,0.0,23266.12634651489,0.0,0.0,0.0,170924.32603152178,7391.0452587535465,877015.2945818087,0.0,503465.32529386424,0.0,0.0,0.0
9,1951725890,-inf,0.0,Infeasible trajectory,0.9802872865820459,0.9839339380430151,0.8458649772725775,0.9672334449003283,0,1,0,1,0,0,0,0,0,0,0,0,0,0,0,0,0,0,0,0,0,0.5,27799999.999999996,1500,0.04723562708303573,0.0336006633276549,0.9663993366723451,"[0.1147458903102542, 0.003600622245232732, 0.5300524432413403, 0, 0.35160104420317284, 0, 0, 0]",0.8,0.2,0.0,0,0,0,0,0,"[0.8, 0.2, 0.0, 0, 0, 0, 0, 0]",0.1147458903102542,0.003600622245232732,0.5300524432413403,0,0.35160104420317284,0,0,0,2.884455632376583,1,0.9220493726605535,0.9286678773833265,0.9251547559883037,0.9740971358287667,0.8648813619466256,0.8363002834612452,0.7851393951478896,0.3920407625433685,0.1658866338565821,0.4378115079918833,0.44076581140181503,0.436002144397164,0.1152666425961567,0.1303267147505916,0.15506788119825524,7.8623596546461805,12.908363216785496,10.312952999648445,12.204553626980385,12.728550111724717,9.91141309271859,8.373631107748617,9.994156067975812,1.0,0.9315176553899349,0.9298471977401194,0.9256827253557713,0.9742506979440646,0.90044450759732,0.8815109534636111,0.8277212085221465,-4.920048426645427,-3.58960826700409,-4.567800775321614,0.3975986248225287,2.4925837687159347,3.031550901609952,0.023574063254482396,0.03755157582369237,1500,0.9527643729169643,1.2021303818260772e-05,0.0002572715322008626,2.70519904027471e-05,0.40119012750979854,0.32986416275211955,42.419501008586586,26.630040898818187,2.884455632376583,2.6869213477477265,2.6821029867710697,2.6700907509461604,2.8101829130315745,2.5972922315816485,2.542679234719765,2.3875251019592576,26486849.567091603,1313150.4329083932,5062.901431281095,158.86926729664557,23387.358503948133,0.0,15513.596392193333,0.0,0.0,0.0,145615.71410408823,4569.289392770307,672651.2368025694,0.0,446191.4670142462,0.0,0.0,0.0
10,837240979,-inf,0.0,Infeasible trajectory,0.974980617438548,0.9807582237168243,0.8530546949216817,0.96988018198555,0,1,0,1,0,0,0,0,0,0,0,0,0,0,0,0,0,0,0,0,0,0.5,27799999.999999996,1500,0.05263258418065242,0.03115884474155638,0.9688411552584436,"[0.13637618139712934, 0.00023879000939711192, 0.48446044730581717, 0, 0.37892458128765644, 0, 0, 0]",0.8,0.2,0.0,0,0,0,0,0,"[0.8, 0.2, 0.0, 0, 0, 0, 0, 0]",0.13637618139712934,0.00023879000939711192,0.48446044730581717,0,0.37892458128765644,0,0,0,2.499624720189059,1,0.9001534164150117,0.911112330555711,0.9907970099159794,0.8509778246457491,0.9640053389408327,0.9167904054492315,0.8506367692877966,0.32259515797618704,0.48577057388938527,0.18879071915599588,0.13227729011652417,0.3700814323505447,0.12005614036116136,0.3370426728282424,0.17134449525680867,12.955275363428402,7.321196302682483,12.803106290019151,8.99996672145568,8.826115314375823,7.7200527761219515,10.040587229992394,7.98517340305429,1.0,0.904540686657268,0.9197271502310436,0.993163693928792,0.8587247291648354,0.9750947159244553,0.920540217573155,0.8852062422935678,-3.783308200696908,-4.458820471827867,-4.69633673153384,0.6306722259771675,3.702419341712677,3.232354692673348,0.02448951329238906,0.019385109021062028,1500,0.9473674158193476,0.0001646993174276042,3.476798552548233e-05,2.0121635078448224e-05,0.270093662469205,0.30937198886825784,40.83380457833695,51.585987930916176,2.499624720189059,2.2610122607852925,2.2989727205465527,2.4825365205386887,2.146489560858077,2.4373708564504963,2.301005083774073,2.2126834057026676,26336814.159777857,1463185.840222137,6217.551091547936,10.886718401759028,22087.123661181275,0.0,17275.618952394318,0.0,0.0,0.0,193326.14647229732,338.50744213460615,686768.5429843732,0.0,537161.4628998067,0.0,0.0,0.0
11,293945204,-inf,0.0,Infeasible trajectory,0.9868656890239862,0.9615592264180636,0.8675586030447912,0.9638045539865028,0,1,0,1,0,0,0,0,0,0,0,0,0,0,0,0,0,0,0,0,0,0.5,27799999.999999996,1500,0.05029434640550376,0.040140361938941264,0.9598596380610588,"[0.12229203907796149, 0.0012907520454440156, 0.5102275149547426, 0, 0.3661896939218521, 0, 0, 0]",0.8,0.2,0.0,0,0,0,0,0,"[0.8, 0.2, 0.0, 0, 0, 0, 0, 0]",0.12229203907796149,0.0012907520454440156,0.5102275149547426,0,0.3661896939218521,0,0,0,0.9909884500243866,1,0.9548170630166606,0.9341563606310412,0.9534359448562552,0.9468208963867395,0.9479600768934799,0.8595091926624879,0.9170077988439473,0.4135715932006644,0.22077894785093696,0.14602730193206243,0.3568311445585518,0.2890680827038834,0.3797422056845201,0.14607672623006596,0.14692177567892561,11.184220799149156,11.01674679179721,10.34943772321177,12.388051353152601,12.968978813402021,11.55209569884492,11.78987010043151,8.531815360241607,1.0,0.9592606498390981,0.94751801068404,0.9542174215896203,0.9484328956663178,0.9488829525421882,0.8835251261644644,0.9375882314451681,-3.9439481781618775,-4.789286270495885,-3.8159600325356413,0.3700537611233219,3.4328523053323545,4.0319318439601775,0.015021222969514985,0.013075796399777144,1500,0.9497056535944962,0.0001137763040379295,1.624477608563457e-05,0.00015277066443010402,0.29130294899278636,0.24802006549242572,66.5724756252845,76.47717733024992,0.9909884500243866,0.9506162245534336,0.9389794047779669,0.9456184436073645,0.939886045228505,0.9403320463943468,0.8755631953353232,0.929139108240953,26401817.16992699,1398182.8300730044,6863.4651865575615,72.44160613541908,28635.787026849433,0.0,20551.871036401204,0.0,0.0,0.0,164123.1641068651,1732.265741686014,684755.5638136888,0.0,491448.2715548212,0.0,0.0,0.0
12,200080399,-inf,0.0,Infeasible trajectory,0.9817549820050985,0.9814210033171561,0.8632766531648376,0.9652735976082192,0,1,0,1,0,0,0,0,0,0,0,0,0,0,0,0,0,0,0,0,0,0.5,27799999.999999996,1500,0.030904749361230836,0.04845490485513359,0.9515450951448664,"[0.10665838927155018, 0.009599610110023032, 0.5514915413477992, 0, 0.33225045927062746, 0, 0, 0]",0.8,0.2,0.0,0,0,0,0,0,"[0.8, 0.2, 0.0, 0, 0, 0, 0, 0]",0.10665838927155018,0.009599610110023032,0.5514915413477992,0,0.33225045927062746,0,0,0,2.898839704056395,1,0.9270951178308223,0.9431356387885761,0.9600608218303687,0.8887043948746678,0.871216625047534,0.9027295542957737,0.907173209838825,0.36942174579352205,0.1134213132234208,0.4012856547398721,0.2282990373922417,0.24901729058592703,0.1647176985358733,0.14209320936198078,0.1622784200378162,9.535335160053291,11.644593244417697,10.31155374178638,11.78063666708825,7.276405370651347,8.722500352787863,10.92564073920256,8.219529924490786,1.0,0.9438478330657527,0.9444495157277497,0.963188269463695,0.9079074882640865,0.8993388413279351,0.9217698324489799,0.9290810241622758,-3.2059490371954826,-3.7246723044410492,-3.688970557971655,0.4284809110616759,3.765049736620686,3.6879125870636433,0.004545502728534809,0.030940666924299233,1500,0.9690952506387691,0.0006223733140238813,0.0001885070927442324,0.0002046583375589351,0.26560074101372916,0.2711561015593949,219.99766796363548,32.319923886794136,2.898839704056395,2.7360635730785963,2.737807754668436,2.792128398002729,2.6318782745900497,2.6070391406414926,2.6720629883045137,2.693256961126984,26940847.967757776,859152.0322422171,4440.20260866049,399.63301662213803,22958.66454829224,0.0,13831.629804816426,0.0,0.0,0.0,87195.56928967332,7847.891518137083,450856.4139650621,0.0,271622.0274909531,0.0,0.0,0.0
13,1352690716,-inf,0.0,Infeasible trajectory,0.9810395375542826,0.9888385877202536,0.8612495963596588,0.9580174332558157,0,1,0,1,0,0,0,0,0,0,0,0,0,0,0,0,0,0,0,0,0,0.5,27799999.999999996,1500,0.04059609829725017,0.020250696066125895,0.979749303933874,"[0.1073894122184023, 0.0007494549298481706, 0.5650826843523107, 0, 0.3267784484994388, 0, 0, 0]",0.8,0.2,0.0,0,0,0,0,0,"[0.8, 0.2, 0.0, 0, 0, 0, 0, 0]",0.1073894122184023,0.0007494549298481706,0.5650826843523107,0,0.3267784484994388,0,0,0,1.5913933105168792,1,0.9575535559906172,0.910021858295956,0.953309291677867,0.8518548316255958,0.8930361413464345,0.9483928159201134,0.8452082999820871,0.2271692488608791,0.24508536541540138,0.48533908330440223,0.15202822168249142,0.49992461476402383,0.19963018354151296,0.49728008625516296,0.2917845790636727,12.155388484458703,7.729691859482743,10.266327286837043,11.455028454421786,12.344927014870072,7.185613307204116,11.174686292373927,8.157209719944307,1.0,0.9643687863878304,0.9110039678169142,0.9612023040546829,0.8523581999447244,0.9170673746804304,0.948715255783127,0.8621864468718453,-3.7460199395497122,-4.476119104251973,-3.8271139077699496,0.28603252159444237,1.9672738312392613,1.2166758334278491,0.011646701788926949,0.014782276120045786,1500,0.9594039017027498,0.00017946512279986488,3.341034003799097e-05,0.0001488970495836283,0.5083176445091335,0.8219116156705529,85.86121789009363,67.64858076517262,1.5913933105168792,1.5346900355288746,1.4497656202381715,1.5296509167260337,1.356437137556243,1.4594148853597133,1.5097791116385781,1.3720777439701712,26671428.467336442,1128571.5326635547,2454.3161900391806,17.128312093655754,12914.602587600508,0.0,7468.312007118176,0.0,0.0,0.0,118742.31734912135,828.6851867473508,624821.6285735223,0.0,361324.54245731194,0.0,0.0,0.0
15,1088532425,-inf,0.0,Infeasible trajectory,0.9584685390553859,0.9832796215847676,0.8327224552729704,0.9624508807731246,0,1,0,1,0,0,0,0,0,0,0,0,0,0,0,0,0,0,0,0,0,0.5,27799999.999999996,1500,0.05599213360063472,0.04257475197740154,0.9574252480225984,"[0.09840564354253432, 0.00935590360501671, 0.5481406480327665, 0, 0.34409780481968244, 0, 0, 0]",0.8,0.2,0.0,0,0,0,0,0,"[0.8, 0.2, 0.0, 0, 0, 0, 0, 0]",0.09840564354253432,0.00935590360501671,0.5481406480327665,0,0.34409780481968244,0,0,0,1.9708208743517535,1,0.998159260711091,0.9851553733823467,0.9022890108876171,0.9898294194219048,0.8501176162704449,0.9481273699238325,0.9916116346892827,0.20641598356014837,0.446137031460879,0.31812350711657955,0.35301941271827586,0.40052740034873535,0.3680203181529781,0.4519519107461689,0.42600190682890127,9.848311227667262,9.714613115189056,7.027929371160609,7.395665517611936,9.16062753331514,10.370496205461118,12.727882489069005,7.182753635248746,1.0,0.9981959073556473,0.987047241866708,0.9114835146631622,0.9901995750896441,0.8547043151338051,0.9483826808840582,0.9921692953258664,-3.9169033723084903,-4.310958613336723,-3.7787455333304867,0.6138371294391184,4.360462385837238,4.542257688413068,0.019246466173988317,0.02555680301534754,1500,0.9440078663993653,0.00012108675137111216,4.886989283303537e-05,0.00016643875812670717,0.2293334769376742,0.2201548367788378,51.95759008225127,39.12852477672866,1.9708208743517535,1.9672653309089987,1.9452933082422321,1.7963707373256628,1.951505992360907,1.6844691056642223,1.8690923843599796,1.9553879581190872,26243418.685902353,1556581.314097645,6521.446640192898,620.0256807886478,36325.86362713381,0.0,22803.727432249638,0.0,0.0,0.0,146654.9392998696,13943.199047279159,816899.6265980445,0.0,512812.4857720866,0.0,0.0,0.0
18,1625776713,-inf,0.0,Infeasible trajectory,0.9785950108674166,0.9850593521957223,0.8528987831519074,0.9654373726620605,0,1,0,1,0,0,0,0,0,0,0,0,0,0,0,0,0,0,0,0,0,0.5,27799999.999999996,1500,0.05516577489900569,0.009662849601451879,0.9903371503985481,"[0.12131199848358695, 0.004500405434029285, 0.5844202652065502, 0, 0.28976733087583334, 0, 0, 0]",0.8,0.2,0.0,0,0,0,0,0,"[0.8, 0.2, 0.0, 0, 0, 0, 0, 0]",0.12131199848358695,0.004500405434029285,0.5844202652065502,0,0.28976733087583334,0,0,0,1.9185166430055085,1,0.9933739958187215,0.9580052361484648,0.9207889176646865,0.8026137185322388,0.8772211057619579,0.8007357217974099,0.9646045326793542,0.18106990053085215,0.2003611231765556,0.24875432024254454,0.26777761564967084,0.22277109879751605,0.1861867745736775,0.49316703646476545,0.23567981769030558,11.526458504342427,10.335998022936906,7.2868687742903475,8.710169078300316,7.461540046101223,11.813337078081844,9.867047340097542,12.839507849107516,1.0,0.9942554574031659,0.9652453915780779,0.929666174393597,0.8403083088242628,0.8916404925247635,0.8031948204046493,0.966643392082877,-3.932539765771602,-3.8591422572048315,-4.786751660649735,0.2384050227832643,2.0999467024452803,2.342046869042835,0.03758853593017351,0.01532794132778794,1500,0.9448342251009944,0.00011680467738447818,0.00013831132531274428,1.633986030758164e-05,0.4762025621105294,0.42697693765995703,26.60385607616253,65.24033323295056,1.9185166430055085,1.9074956424270282,1.8518393483269115,1.7835800280133773,1.6121454757351608,1.7106271244863875,1.54094263052214,1.8545214355622988,26266391.457807638,1533608.542192358,1797.7259860552335,66.69163724669197,8660.540677526242,0.0,4294.070389878453,0.0,0.0,0.0,184247.3911588001,6835.168579709525,887611.3702735625,0.0,440095.583489579,0.0,0.0,0.0
20,17686679,-inf,0.0,Infeasible trajectory,0.9771132307424033,0.99383852264367,0.8455760652760017,0.9724417273465246,0,1,0,1,0,0,0,0,0,0,0,0,0,0,0,0,0,0,0,0,0,0.5,27799999.999999996,1500,0.04219159709067016,0.006984954920863724,0.9930150450791363,"[0.10466611205460095, 0.0009920485234678057, 0.5585911722629214, 0, 0.33575066715900964, 0, 0, 0]",0.8,0.2,0.0,0,0,0,0,0,"[0.8, 0.2, 0.0, 0, 0, 0, 0, 0]",0.10466611205460095,0.0009920485234678057,0.5585911722629214,0,0.33575066715900964,0,0,0,1.350741871225467,1,0.932793315542591,0.973727505761439,0.962163289271222,0.8140710938648894,0.9429237259213652,0.8820682751558436,0.7862919360964016,0.18946477325344124,0.2835721499039112,0.3090364470918373,0.474123733516684,0.3568682405367446,0.31968047315498965,0.4910083799431131,0.41673621705974495,10.643864134116058,8.227088045523033,8.260992815769226,7.2038413367481375,8.65427204556445,7.8308340937131184,7.846545960319169,9.38416024559628,1.0,0.9404254954142215,0.9762329039387865,0.9640442502907399,0.825365056572598,0.9486694405711699,0.8859846982309718,0.7925440622285249,-4.237853414638867,-3.2775632350147266,-3.013900876899172,0.5019125574259871,3.2305252114057703,3.5881805184605313,0.007633865196299125,0.007238168736517267,1500,0.9578084029093299,5.7829120236171136e-05,0.0005277603571666667,0.0009684988806156182,0.30954718956204885,0.2786927789321589,130.99523953930927,138.15649184232228,1.350741871225467,1.2702720934239424,1.318638659418148,1.3021749345818665,1.1148551409589844,1.281407535331519,1.1967366291656336,1.0705224496431907,26627073.600879367,1172926.3991206305,857.5125025970016,8.12769286407389,4576.446995622539,0.0,2750.750832264999,0.0,0.0,0.0,121908.1334195625,1155.4722095199577,650609.8852672976,0.0,391060.0702009015,0.0,0.0,0.0
21,1622020803,-inf,0.0,Infeasible trajectory,0.9980612254403282,0.97817778819744,0.8420421557073832,0.9682791277268145,0,1,0,1,0,0,0,0,0,0,0,0,0,0,0,0,0,0,0,0,0,0.5,27799999.999999996,1500,0.04506224328357647,0.0020653565729866043,0.9979346434270134,"[0.1261488545699947, 0.004760269647968859, 0.5426513825369478, 0, 0.32643949324508864, 0, 0, 0]",0.8,0.2,0.0,0,0,0,0,0,"[0.8, 0.2, 0.0, 0, 0, 0, 0, 0]",0.1261488545699947,0.004760269647968859,0.5426513825369478,0,0.32643949324508864,0,0,0,0.5120029091166196,1,0.9519699113450202,0.9238917575636649,0.9490710378433438,0.8204095111915616,0.9546115310957534,0.9040987531713272,0.8904599855343951,0.34278629750270473,0.16626657031296604,0.4749908678584246,0.21793727768386,0.3841272376853463,0.3263034010804823,0.2756629327918237,0.2420214915080496,7.252167855891324,12.825778960675475,11.524905406478569,10.934551329525133,7.214949340111204,12.097525920252824,7.02787770718228,8.970800989500567,1.0,0.9578512060605437,0.9243969219447646,0.9542933658534534,0.8354190258218941,0.955786904063505,0.9193306927837457,0.9042987292418351,-3.3106629114017654,-4.428126593985682,-3.492186520426438,0.6841307145458336,2.195268170580257,1.9340936063997622,0.003328638438262475,0.038076063666590595,1500,0.9549377567164236,0.0004890317864083326,3.7314137368480335e-05,0.0003219685706410052,0.45552521254643724,0.5170380568402063,300.42313653086114,26.263219033259432,0.5120029091166196,0.49042260400386106,0.47329391321416825,0.48860097946765874,0.42773697155218215,0.48936567537608194,0.47069998914547506,0.4630035800822819,26547269.63671657,1252730.3632834258,326.3893327608837,12.316411745937488,1404.0208551377011,0.0,844.608290342798,0.0,0.0,0.0,157704.11108049663,5951.017913681158,678391.8427266262,0.0,408096.05667263456,0.0,0.0,0.0
24,1429734808,-inf,0.0,Infeasible trajectory,0.9755699430201437,0.9941680029054641,0.8722171332605808,0.9660299819342097,0,1,0,1,0,0,0,0,0,0,0,0,0,0,0,0,0,0,0,0,0,0.5,27799999.999999996,1500,0.05440231187486036,0.0007459258320944074,0.9992540741679056,"[0.11525638189621444, 0.00550314580599187, 0.5675975389509704, 0, 0.3116429333468234, 0, 0, 0]",0.8,0.2,0.0,0,0,0,0,0,"[0.8, 0.2, 0.0, 0, 0, 0, 0, 0]",0.11525638189621444,0.00550314580599187,0.5675975389509704,0,0.3116429333468234,0,0,0,2.8924983380458404,1,0.9865777189562663,0.9639404539063188,0.9383410743868906,0.8104160694805445,0.8537489920420248,0.9597816625762497,0.9050745113707499,0.24856751672024524,0.39562767340395555,0.15752575239854558,0.3486577161609897,0.1321294383987585,0.15049380166643955,0.4471268169724093,0.4613480332604466,7.494804090097736,11.905543988222144,11.840921063577621,8.725534220450514,11.580168331805286,8.277404187101883,10.429841446859303,11.637582612168318,1.0,0.9867535184374285,0.969459944295133,0.942222954082085,0.8479040066613831,0.8903258395414707,0.9603614284573164,0.9057647584438497,-3.0694625728748424,-4.2933114724395764,-4.567704797101902,0.5187419271114191,0.2933541325524339,1.7860757531756928,0.015410566761887179,0.008308836187039535,1500,0.9455976881251397,0.0008521919493844786,5.089657140943388e-05,2.7057969499667974e-05,3.4088491997679995,0.5598866667452217,64.89054007235876,120.35379895440005,2.8924983380458404,2.8541829121411477,2.8041612776756852,2.725378328751073,2.45256093009046,2.5752660111929715,2.777843835736117,2.6199230584593276,26287615.72987888,1512384.2701211178,130.02377815070048,6.208244590339221,640.3218222649112,0.0,351.57265013063716,0.0,0.0,0.0,174181.91523275638,8316.662908574765,857785.2678466412,0.0,470972.29763800907,0.0,0.0,0.0
25,381168256,-inf,0.0,Infeasible trajectory,0.9819788905220977,0.9869622848858925,0.8600021274919649,0.9696202537789246,0,1,0,1,0,0,0,0,0,0,0,0,0,0,0,0,0,0,0,0,0,0.5,27799999.999999996,1500,0.035073211604452564,0.01360753270011491,0.9863924672998851,"[0.10197595995741084, 0.012329554915464258, 0.5292208821718065, 0, 0.3564736029553184, 0, 0, 0]",0.8,0.2,0.0,0,0,0,0,0,"[0.8, 0.2, 0.0, 0, 0, 0, 0, 0]",0.10197595995741084,0.012329554915464258,0.5292208821718065,0,0.3564736029553184,0,0,0,2.204366575384687,1,0.9253201962838561,0.9433440005977702,0.9723427970312509,0.9873858682788071,0.8352860126161393,0.9965850082502825,0.9039052922192039,0.4789986856447407,0.3637566886537976,0.10513706351291724,0.3396115432100678,0.15437125955372688,0.2285304604038596,0.4754539844524769,0.3066008369343013,9.686265665012261,8.598890485263727,7.176493167287364,8.759442808367572,12.305221990002968,8.715409167645996,12.16399978617188,9.53346770718694,1.0,0.9314895858229891,0.9641215583035061,0.9748581611005505,0.9895157657662231,0.8643861080297033,0.9966117549168051,0.9125378626554164,-3.6046258514051184,-3.3122748066705445,-4.700792937683079,0.4212998204897352,3.7372878935796416,1.931450432819549,0.009620886985929859,0.025104427060285716,1500,0.9649267883955475,0.00024852732685097555,0.00048722009635687643,1.9916226757370365e-05,0.2675737134722533,0.5177456190476454,103.94052039717937,39.83361172109613,2.204366575384687,2.0533445083071227,2.1252773377320473,2.1489447460710336,2.181255479871245,1.905423844767535,2.1968976411740804,2.011567963210582,26824964.717396215,975035.2826037812,1352.9991390974187,163.58637068034952,7021.60978204937,0.0,4729.629199969599,0.0,0.0,0.0,98077.15979676852,11858.164690698182,508987.4226261604,0.0,342844.71099835733,0.0,0.0,0.0
26,643283752,-inf,0.0,Infeasible trajectory,0.9844258817336852,0.9636585078759916,0.8569691373135448,0.9642120731168574,0,1,0,1,0,0,0,0,0,0,0,0,0,0,0,0,0,0,0,0,0,0.5,27799999.999999996,1500,0.05438619663961425,0.000511422496378594,0.9994885775036214,"[0.11501502030265255, 0.004763134904210808, 0.5016564540522118, 0, 0.3785653907409247, 0, 0, 0]",0.8,0.2,0.0,0,0,0,0,0,"[0.8, 0.2, 0.0, 0, 0, 0, 0, 0]",0.11501502030265255,0.004763134904210808,0.5016564540522118,0,0.3785653907409247,0,0,0,1.388626283534496,1,0.9905832282917979,0.9938886728869228,0.9684486763140815,0.8588702523655701,0.8043551762292686,0.9629067726753406,0.7923247695445303,0.3995717089308525,0.2602751466040532,0.23916358178149705,0.21543939403433865,0.4302755227473942,0.39634336284590344,0.16446593681710653,0.10206511946805641,8.408954476194314,8.863856267559182,9.578329748559561,11.025889021524527,11.142685744004456,11.088552926290923,11.448123116669478,8.181135847969362,1.0,0.9916555489495,0.9945818504908898,0.9716990817276149,0.8606291971723872,0.807852885702807,0.9685328907000055,0.8596362581893896,-4.606706502422854,-4.323121478890165,-3.5849927362413494,0.6090187092475334,0.7503446750094732,4.342944698345586,0.033201430315249636,0.03049392003903769,1500,0.9456138033603858,2.473395108526894e-05,4.752022859147142e-05,0.0002600203052295928,1.3327208592336246,0.23025851569810293,30.11918433949797,32.79342238452192,1.388626283534496,1.3770389594841048,1.381102498718026,1.3493268845733004,1.1950923235707689,1.121805750316107,1.3449302284936708,1.1937135024010326,26288063.73341872,1511936.266581276,88.9340095514219,3.683037954096032,387.89994349271024,0.0,292.72122882209936,0.0,0.0,0.0,173806.44638761072,7197.873366341357,758084.6863026097,0.0,572074.0223048935,0.0,0.0,0.0
27,1292869554,-inf,0.0,Infeasible trajectory,0.9786002929977942,0.9736553057232298,0.8643810438773639,0.9671782897872196,0,1,0,1,0,0,0,0,0,0,0,0,0,0,0,0,0,0,0,0,0,0.5,27799999.999999996,1500,0.047971519135028964,0.03847074076386041,0.9615292592361396,"[0.12199236750710402, 0.0032181536590460743, 0.5305877015680486, 0, 0.34420177726580115, 0, 0, 0]",0.8,0.2,0.0,0,0,0,0,0,"[0.8, 0.2, 0.0, 0, 0, 0, 0, 0]",0.12199236750710402,0.0032181536590460743,0.5305877015680486,0,0.34420177726580115,0,0,0,0.5297062145594149,1,0.9945247204945084,0.9864104703734548,0.9344156644787517,0.9220314950955885,0.9607215731473229,0.9935485545563756,0.9409395677763583,0.28933426516563243,0.15433151591757688,0.17399282998376553,0.35596393550030914,0.38484446192288424,0.18723021774670487,0.4638056960444783,0.1930439128698984,10.495157526861156,10.501575130965557,12.286575653238522,7.214774064672952,12.424645335672494,10.459138219996714,10.891074948392646,10.211264509676454,1.0,0.995548815942987,0.9880778726026915,0.9408462122822904,0.922973297121994,0.9664156334906081,0.9936129837122943,0.9494483924349884,-3.8856459268881993,-3.4622434245653118,-3.5548428497004627,0.5091886301792428,1.7533690556710293,4.067205076740015,0.025415345123335487,0.03772870369694388,1500,0.952028480864971,0.00013012300170176872,0.00034495033848284165,0.0002787129514396494,0.57033058543245,0.24586908728033197,39.34630811217412,26.505018779137185,0.5297062145594149,0.5273483947022674,0.5233909895862916,0.49837208559061574,0.4889046913579136,0.511916366907349,0.526322972339325,0.5029287138762595,26466391.768046193,1333608.231953805,6258.805797530882,165.1070406303072,27221.74715134784,0.0,17659.236582536018,0.0,0.0,0.0,156431.21974547693,4126.649170765796,680374.3794332506,0.0,441371.0870322665,0.0,0.0,0.0
28,266955547,-inf,0.0,Infeasible trajectory,0.9877230949090248,0.9846152655256489,0.840282125490725,0.9578678928945915,0,1,0,1,0,0,0,0,0,0,0,0,0,0,0,0,0,0,0,0,0,0.5,27799999.999999996,1500,0.0511788229106826,0.02331495787053139,0.9766850421294686,"[0.09427794056493051, 0.0015816655193109223, 0.5537908098340897, 0, 0.3503495840816689, 0, 0, 0]",0.8,0.2,0.0,0,0,0,0,0,"[0.8, 0.2, 0.0, 0, 0, 0, 0, 0]",0.09427794056493051,0.0015816655193109223,0.5537908098340897,0,0.3503495840816689,0,0,0,2.1049146425980596,1,0.9881767583776495,0.9955481625805659,0.9170390131145756,0.9968671557239726,0.9426595523201986,0.820793083234024,0.9728763200825097,0.25575476520895785,0.49914222263393293,0.21126913074861497,0.34690433400743415,0.2730610462086641,0.4129678638774663,0.3232447962438517,0.13985651924793807,7.979407751632633,8.641166565141438,9.971050637934221,10.019633671559042,12.717404536060428,10.782643106182391,8.168368799084515,8.355459151788079,1.0,0.9884295540668462,0.9961277023964805,0.9204953001062205,0.9969892890882774,0.9436435205234932,0.8367796234704519,0.9800047777474921,-4.485018227071028,-3.0118442184692995,-4.730558022325218,0.5324441541911191,4.956195705873269,1.9283407584442172,0.022976858168380618,0.013740981997844784,1500,0.9488211770893173,3.2732695688044794e-05,0.0009730962110173707,1.8596960887331738e-05,0.20176765796696935,0.5185805442430199,43.52205130360862,72.7750025549008,2.1049146425980596,2.080559841531975,2.096763786671914,1.9375640356362787,2.098577353115345,1.9862890637426833,1.7613496820706451,2.062826406496753,26377228.72308302,1422771.276916976,3127.3739271783056,52.46677512225905,18370.26699361661,0.0,11621.744684804278,0.0,0.0,0.0,131008.57195549067,2197.881495443294,769547.3906589175,0.0,486845.58042640326,0.0,0.0,0.0
29,151390524,-inf,0.0,Infeasible trajectory,0.9779305669320393,0.9728046841268955,0.8693217829656272,0.9389719658136539,0,1,0,1,0,0,0,0,0,0,0,0,0,0,0,0,0,0,0,0,0,0.5,27799999.999999996,1500,0.03148041297582562,0.021453956681204752,0.9785460433187952,"[0.10139148898281451, 0.005407332140507122, 0.5390354162670066, 0, 0.35416576260967164, 0, 0, 0]",0.8,0.2,0.0,0,0,0,0,0,"[0.8, 0.2, 0.0, 0, 0, 0, 0, 0]",0.10139148898281451,0.005407332140507122,0.5390354162670066,0,0.35416576260967164,0,0,0,2.169746491410536,1,0.9276863013573539,0.9796890021610771,0.9113947151719783,0.9515407622265347,0.8436447107034626,0.8242135392615602,0.956139936064655,0.3651514912133291,0.4675295619107057,0.3965464539285445,0.4227680770686728,0.159714767436831,0.3432868012364174,0.26142872120262006,0.2524594740988818,10.889333798582463,12.002742577033521,10.093847885545859,10.488790585009438,10.23823746342996,10.250184981396757,10.506642502140283,8.049700399797922,1.0,0.9283474739276104,0.9804714446922767,0.9137584254522243,0.9617662145841499,0.8522855501483283,0.841297240562274,0.9639329041920743,-3.0561492620205177,-3.3407314114777957,-3.331003034889796,0.7815473113737716,3.1751705884388004,2.817448371215195,0.03577271471833846,0.023195436648500416,1500,0.9685195870241744,0.0008787204588075331,0.0004563190382667621,0.00046665611926699924,0.31494370842345515,0.3549310823994583,27.954266481413047,43.11192822768654,2.169746491410536,2.014278674364267,2.127374477049287,1.9826241376217797,2.0867888696511523,1.849243582114234,1.8254017359433599,2.0914900368259217,26924844.519272044,875155.4807279521,1903.6807451578777,101.52562292779335,10120.68520938272,0.0,6649.65619538801,0.0,0.0,0.0,86829.63653732001,4630.730735953423,461619.1136431612,0.0,303300.45203866094,0.0,0.0,0.0
