ID,Seed,Sensitivity distribution for CIP,Specificity distribution for CIP,Sensitivity distribution for TET,Specificity distribution for TET,Sensitivity for CIP,Specificity for CIP,Sensitivity for TET,Specificity for TET,prob CIP test positive-0,prob CIP test positive-1,prob CIP test positive-2,prob CIP test positive-3,prob CIP test positive-4,prob CIP test positive-5,prob CIP test positive-6,prob CIP test positive-7,prob TET test positive-0,prob TET test positive-1,prob TET test positive-2,prob TET test positive-3,prob TET test positive-4,prob TET test positive-5,prob TET test positive-6,prob TET test positive-7,Prob of receiving a rapid test,Prob Tx-CIP if susceptible to CIP and TET,Pop size,Annual survey size,Initial prevalence,Initial % I by symptom states-0,Initial % I by symptom states-1,Dirichlet dist. of % I by resistance profile,Constant dist. of % I-0,Constant dist. of % I-1,Constant dist. of % I-2,Constant dist. of % I-3,Constant dist. of % I-4,Constant dist. of % I-5,Constant dist. of % I-6,Constant dist. of % I-7,Constant dist. of % I by resistance profile,Initial % I by resistance profile-0,Initial % I by resistance profile-1,Initial % I by resistance profile-2,Initial % I by resistance profile-3,Initial % I by resistance profile-4,Initial % I by resistance profile-5,Initial % I by resistance profile-6,Initial % I by resistance profile-7,Transmission parameter,Fitness-f_min-0,Fitness-f_min-1,Fitness-f_min-2,Fitness-f_min-3,Fitness-f_min-4,Fitness-f_min-5,Fitness-f_min-6,Fitness-f_min-7,Fitness-b-0,Fitness-b-1,Fitness-b-2,Fitness-b-3,Fitness-b-4,Fitness-b-5,Fitness-b-6,Fitness-b-7,Fitness-t_mid-0,Fitness-t_mid-1,Fitness-t_mid-2,Fitness-t_mid-3,Fitness-t_mid-4,Fitness-t_mid-5,Fitness-t_mid-6,Fitness-t_mid-7,Relative infectivity by infectivity profile-0,Relative infectivity by infectivity profile-1,Relative infectivity by infectivity profile-2,Relative infectivity by infectivity profile-3,Relative infectivity by infectivity profile-4,Relative infectivity by infectivity profile-5,Relative infectivity by infectivity profile-6,Relative infectivity by infectivity profile-7,Exponent for the prob of resistance by antibiotics-0,Exponent for the prob of resistance by antibiotics-1,Exponent for the prob of resistance by antibiotics-2,Prob symptomatic,Time until natural recovery,Time until screened,Time until seeking treatment (symptomatic),Time until seeking retreatment (symptomatic),Survey size (over observation periods),Initial % Susceptible,Prob of resistance by antibiotics-0,Prob of resistance by antibiotics-1,Prob of resistance by antibiotics-2,Rate of natural recovery,Rate of screening,Rate of seeking treatment,Rate of seeking retreatment,"Infectivity of CIP-S, TET-S, CRO-S","Infectivity of CIP-NS, TET-S, CRO-S","Infectivity of CIP-S, TET-NS, CRO-S","Infectivity of CIP-S, TET-S, CRO-NS","Infectivity of CIP-NS, TET-NS, CRO-S","Infectivity of CIP-NS, TET-S, CRO-NS","Infectivity of CIP-S, TET-NS, CRO-NS","Infectivity of CIP-NS, TET-NS, CRO-NS",Size of S,Size of I,Size of I by Symp/Rest-0,Size of I by Symp/Rest-1,Size of I by Symp/Rest-2,Size of I by Symp/Rest-3,Size of I by Symp/Rest-4,Size of I by Symp/Rest-5,Size of I by Symp/Rest-6,Size of I by Symp/Rest-7,Size of I by Symp/Rest-8,Size of I by Symp/Rest-9,Size of I by Symp/Rest-10,Size of I by Symp/Rest-11,Size of I by Symp/Rest-12,Size of I by Symp/Rest-13,Size of I by Symp/Rest-14,Size of I by Symp/Rest-15
0,465654247,0.9961233390330598,0.9666650923423353,0.8298225242061172,0.9543722226449466,0,1,0,1,0,0,0,0,0,0,0,0,0,0,0,0,0,0,0,0,0,0.5,27799999.999999996,1500,0.05180034230409677,0.036637278466263364,0.9633627215337366,"[0.1281352593364309, 0.004276809837552588, 0.5671757541047667, 0, 0.3004121767212499, 0, 0, 0]",0.8,0.2,0.0,0,0,0,0,0,"[0.8, 0.2, 0.0, 0, 0, 0, 0, 0]",0.1281352593364309,0.004276809837552588,0.5671757541047667,0,0.3004121767212499,0,0,0,1.7736353328088066,1,0.9836168808148082,0.9830138898929938,0.9436137828328747,0.9154597453314933,0.9562048994534398,0.8079541866551141,0.8617336479932739,0.42303540658295513,0.26849860292949523,0.3664854653546298,0.440380920464821,0.44460462953207835,0.4527389638766949,0.41518414641594503,0.10907907682156984,9.376060058056408,12.089399747146008,10.667424304764562,8.94643454252795,10.345648739185155,7.695581745207866,8.500683034040154,8.807339548345242,1.0,0.9995014089865761,0.9999109443267877,0.9999516770020922,0.9998739537770349,0.9999825175050848,0.9997951758909178,0.9797761609411757,-3.380676785131605,-4.5593010462291295,-3.444758339729625,0.5666696582418039,3.065632342063463,2.4510838874768694,0.012376980263286461,0.03808051941008985,1500,0.9481996576959032,0.00041622025874904614,2.7586649293574086e-05,0.00035912170994039207,0.3261969761601956,0.40798277248250114,80.79515186481116,26.260146014054605,1.7736353328088066,1.772751014170777,1.7734773805202102,1.77354962543233,1.7734117727741887,1.7736043252381193,1.7732720495319274,1.737765617289037,26359950.483946104,1440049.5160538899,6760.351590284912,225.64232777436962,29923.906433637265,0.0,15849.59477317762,0.0,0.0,0.0,177760.7666065821,5933.17560904775,786837.2637824321,0.0,416758.81493095396,0.0,0.0,0.0
1,1136163917,0.9898137612725403,0.9631992272355213,0.8346976071535628,0.9586586602712401,0,1,0,1,0,0,0,0,0,0,0,0,0,0,0,0,0,0,0,0,0,0.5,27799999.999999996,1500,0.04427092200842528,0.02395259357006986,0.9760474064299302,"[0.118496597454883, 0.00129419367528846, 0.5450759803377294, 0, 0.33513322853209926, 0, 0, 0]",0.8,0.2,0.0,0,0,0,0,0,"[0.8, 0.2, 0.0, 0, 0, 0, 0, 0]",0.118496597454883,0.00129419367528846,0.5450759803377294,0,0.33513322853209926,0,0,0,2.2936966856293024,1,0.902311319865753,0.9766868898376494,0.9404047625379066,0.8458694854511043,0.9337724613933831,0.8440690464753877,0.8953717279278162,0.3481946189057957,0.10009986397405646,0.37379577738895875,0.45041271901294533,0.17388311406373785,0.35866976541669304,0.15467926311504354,0.4947931734892552,10.540015312559849,8.722026858451517,11.90163519104669,12.787518377041657,9.668792584524398,7.339327314316008,7.74480727643137,9.89546144555137,1.0,0.9839621160462924,0.9998257754879248,0.9997554977486034,0.9899471299537623,0.9998818901851243,0.9898634136393466,0.9999400513335336,-4.185004132456158,-3.969283848427749,-3.703342149656656,0.5482153866065721,2.2427285676213704,1.7918644862115543,0.005483283244616371,0.0146872783078324,1500,0.9557290779915747,6.531243379230266e-05,0.0001073287698141028,0.00019799665367260994,0.4458854336798306,0.5580779169937387,182.37248659037007,68.08613407064821,2.2936966856293024,2.256910644360176,2.2932970674434,2.293135871625645,2.270638450923185,2.2934257775383817,2.2704464310902766,2.2935591815717205,26569268.368165772,1230731.6318342225,3493.186622324155,38.1518130504589,16068.411781958037,0.0,9879.464353821339,0.0,0.0,0.0,142344.32413012697,1554.6532808468373,654773.8389727343,0.0,402579.6008793606,0.0,0.0,0.0
2,600597301,0.9897375210410921,0.9856083497913157,0.841576212097321,0.9671250289007182,0,1,0,1,0,0,0,0,0,0,0,0,0,0,0,0,0,0,0,0,0,0.5,27799999.999999996,1500,0.04578885569478672,0.005015637362035236,0.9949843626379647,"[0.09993989281844443, 0.0007061707645514313, 0.5569306208013418, 0, 0.3424233156156623, 0, 0, 0]",0.8,0.2,0.0,0,0,0,0,0,"[0.8, 0.2, 0.0, 0, 0, 0, 0, 0]",0.09993989281844443,0.0007061707645514313,0.5569306208013418,0,0.3424233156156623,0,0,0,1.808692693613183,1,0.9626688608366014,0.9985774557197624,0.947967598966738,0.983391361694829,0.8868617484054095,0.966299353779163,0.8733046232563344,0.3216509616744254,0.14039093234246225,0.43709751875843006,0.11757860508658369,0.2011057040067127,0.22069104184079358,0.3798370210787587,0.18827341084801708,10.834303240020002,8.348549002449902,10.844677687540637,10.27030721954346,7.455252119819594,7.397811476426917,9.8856317879258,10.854191838155696,1.0,0.9967049885722481,0.9999970574366428,0.9921621411048056,0.9995246005069375,0.9977117738730061,0.9998913262403418,0.9917146066371271,-3.914009743946745,-3.0561855569793908,-3.3643342435902612,0.5990416213284488,3.4420828512215116,2.2452349089610126,0.006144549410523466,0.014147382628488461,1500,0.9542111443052133,0.00012189622496561459,0.0008786470252466899,0.0004321810859377224,0.2905217692959146,0.4453876946277983,162.74586355955563,70.68445282495638,1.808692693613183,1.8027330305184364,1.8086873714203384,1.794516415495874,1.8078328420235334,1.8045539957359544,1.8084961361781018,1.7937069631740437,26527069.811684925,1272930.1883150705,638.0718634981887,4.508586941391177,3555.754854565257,0.0,2186.220906770779,0.0,0.0,0.0,126578.43472207223,894.3974973616595,705378.0451605158,0.0,433694.75472334505,0.0,0.0,0.0
3,79458643,0.9715481559809019,0.9861650607717054,0.8504501193656396,0.9689275788839996,0,1,0,1,0,0,0,0,0,0,0,0,0,0,0,0,0,0,0,0,0,0.5,27799999.999999996,1500,0.044785231529669435,0.03823652970172311,0.9617634702982769,"[0.07912145393778602, 0.0023561913541373875, 0.57101203998609, 0, 0.3475103147219866, 0, 0, 0]",0.8,0.2,0.0,0,0,0,0,0,"[0.8, 0.2, 0.0, 0, 0, 0, 0, 0]",0.07912145393778602,0.0023561913541373875,0.57101203998609,0,0.3475103147219866,0,0,0,2.1462658714673144,1,0.9473303103102266,0.95343669354864,0.935404354043689,0.9069026779848693,0.9483214108771132,0.8599355655685833,0.9980671813061858,0.3424934236411994,0.4427260822292717,0.3098894699569602,0.12345316008907466,0.40478013009334224,0.14856083718070565,0.2266034155954639,0.4783340231212745,11.518457116018197,12.481928122771652,7.7189309178506615,8.34267398996502,11.903020584680764,12.839787860065641,8.445326766883227,8.323374921268185,1.0,0.9997926748426461,0.9997797934947832,0.9926589461062313,0.9995346560089653,0.9926924213410259,0.9967722024168695,0.9999993306245303,-4.729607850089069,-4.3767733295333855,-3.7142143152332405,0.5964411005280332,3.1215932097547845,1.9591053597132972,0.01306658367457906,0.017082317422605575,1500,0.9552147684703306,1.863769283483644e-05,4.19978125156708e-05,0.00019310151663047583,0.32034923604877863,0.510437070187151,76.53109832721559,58.540066623318225,2.1462658714673144,2.145820896557789,2.1457932497604926,2.1305100180345162,2.1452671195408644,2.1305818647884953,2.1393381596746366,2.1462644348095887,26554970.563475188,1245029.43652481,3766.624685498321,112.16791497828152,27183.373642495833,0.0,16543.43878622805,0.0,0.0,0.0,94741.91452768713,2821.359679008019,683743.4247502681,0.0,416117.13253864634,0.0,0.0,0.0
4,1975687421,0.9925523777743499,0.9810578844571336,0.8492832821175686,0.9850067964044115,0,1,0,1,0,0,0,0,0,0,0,0,0,0,0,0,0,0,0,0,0,0.5,27799999.999999996,1500,0.05104695742822802,0.023040622193178296,0.9769593778068217,"[0.12927097344274652, 0.0014926334498247872, 0.5081996555642885, 0, 0.3610367375431401, 0, 0, 0]",0.8,0.2,0.0,0,0,0,0,0,"[0.8, 0.2, 0.0, 0, 0, 0, 0, 0]",0.12927097344274652,0.0014926334498247872,0.5081996555642885,0,0.3610367375431401,0,0,0,1.9992274360610875,1,0.956560857288007,0.9087073835362243,0.9114386852537825,0.8891970393810688,0.9300691116004969,0.9948436426637931,0.7148276622612326,0.4588263897031477,0.17996007289126906,0.13814775890557252,0.2178510710838486,0.22954496447701636,0.2578400473189407,0.13002787803006777,0.12099493041264303,10.655644135680399,7.292160410111483,11.093921267216093,7.245405302460951,12.953880612255839,8.119474822895805,9.187063986824795,8.774680671538134,1.0,0.998271070074344,0.9883112612099392,0.9981792408743536,0.9934089373583909,0.9991067291230563,0.9994137896586552,0.9648169784404753,-3.4137207305796893,-3.631834879878179,-3.268141922807125,0.6196448823250709,4.173756545911868,1.920852373965435,0.014663438840285595,0.029160297191159323,1500,0.9489530425717719,0.00038572631600246413,0.00023343454190196902,0.0005393343449992257,0.23959231665763664,0.5206022147009589,68.19682687615202,34.29320330463488,1.9992274360610875,1.995770911918689,1.9758589887790465,1.9955873244626368,1.9860504027951853,1.9974415844160673,1.9980554682633684,1.928888574075757,26380894.583495256,1419105.4165047389,4226.782294364147,48.804743011309704,16616.64060333276,0.0,11804.844113270397,0.0,0.0,0.0,179222.3563150777,2069.3994704912,704572.2432737917,0.0,500544.34569139953,0.0,0.0,0.0
5,762041545,0.9931352247685271,0.9665289408789818,0.8569395218475442,0.9583844034195945,0,1,0,1,0,0,0,0,0,0,0,0,0,0,0,0,0,0,0,0,0,0.5,27799999.999999996,1500,0.048758027154009065,0.0022922220966751284,0.9977077779033249,"[0.1210003359064137, 0.015201307855246166, 0.5293927313146953, 0, 0.33440562492364473, 0, 0, 0]",0.8,0.2,0.0,0,0,0,0,0,"[0.8, 0.2, 0.0, 0, 0, 0, 0, 0]",0.1210003359064137,0.015201307855246166,0.5293927313146953,0,0.33440562492364473,0,0,0,2.437469629024509,1,0.9986084666716509,0.9119202808607928,0.9753915931559403,0.9367769044823038,0.9730542433197822,0.8300402623343611,0.7688031808095579,0.2474896393586961,0.2436193281302606,0.24855818105414224,0.16248339349889374,0.1996094093638893,0.4889384653419758,0.2459097584698413,0.45969297045473845,7.738658212717191,8.677335751695825,10.523923923149669,7.051302931864026,9.079481748860754,10.294376069920894,7.977741316611795,11.933145349300188,1.0,0.9999742697748129,0.997642171535421,0.9987325955782327,0.9974613296109724,0.99997950711473,0.9974420999024749,0.999427139175663,-3.487842747264392,-3.639461579908784,-3.421913058095517,0.5170074744326689,1.5145242635460692,1.9125836714013054,0.025357476094823812,0.01053130345088699,1500,0.9512419728459909,0.00032520502884460386,0.0002293709535700547,0.0003785183531508176,0.6602733439599211,0.5228529423067402,39.436101458225515,94.95500767436113,2.437469629024509,2.4374069123820674,2.431722493751648,2.43438036923876,2.4312816970531506,2.4374196782390523,2.4312348252227127,2.4360732981635294,26444526.84511854,1355473.1548814517,375.95355124189155,47.231155425231606,1644.8473126003503,0.0,1039.0134978017388,0.0,0.0,0.0,163636.75350154008,20557.733561449484,715932.7883738384,0.0,452238.83392755437,0.0,0.0,0.0
6,1316841033,0.9810456702423308,0.9597468836279638,0.8554797444363659,0.9733765697891632,0,1,0,1,0,0,0,0,0,0,0,0,0,0,0,0,0,0,0,0,0,0.5,27799999.999999996,1500,0.04615406081111441,0.0006455697907003955,0.9993544302092996,"[0.11973854734890477, 0.00044541267599042294, 0.5432438750532952, 0, 0.3365721649218095, 0, 0, 0]",0.8,0.2,0.0,0,0,0,0,0,"[0.8, 0.2, 0.0, 0, 0, 0, 0, 0]",0.11973854734890477,0.00044541267599042294,0.5432438750532952,0,0.3365721649218095,0,0,0,2.356912346321173,1,0.9149662223835926,0.9302037270967705,0.9923000634850427,0.9564983169456704,0.9306513420412785,0.8302948657562814,0.8853030361197978,0.15722864348940566,0.4856958337431678,0.23110070893383897,0.23118016744770242,0.15095687744342798,0.23575117297045733,0.16841434501782582,0.252508335287259,10.73544060016614,12.039971678370986,11.68597237354727,12.229192545706715,8.753906578406228,9.574124181356927,8.68425456189193,10.333197909651116,1.0,0.9998418331317034,0.9969109126310425,0.9996162713040467,0.9965428783415653,0.9982123596461728,0.98975078929188,0.9972290121688893,-3.5468845365350843,-4.151847607465465,-4.5923385385579785,0.5396655038400222,1.6417242096887092,2.125805836689328,0.02993589850618911,0.019701490519861656,1500,0.9538459391888856,0.0002838673630538488,7.049403868837335e-05,2.5565922109535863e-05,0.6091157053654048,0.47040984775795547,33.40470972645951,50.757580955200844,2.356912346321173,2.356539560876506,2.3496316381624123,2.356007931420043,2.3487642136016738,2.3526990347004557,2.3327558550631577,2.3503813708905223,26516917.109451015,1283082.8905489803,99.18178002924286,0.3689440287227823,449.97952381006775,0.0,278.7893052349303,0.0,0.0,0.0,153535.29966253942,571.1324397682255,696576.941952601,0.0,431571.1969409685,0.0,0.0,0.0
7,526735776,0.9918134716854032,0.9705547458150561,0.8506125953514273,0.9569138878158368,0,1,0,1,0,0,0,0,0,0,0,0,0,0,0,0,0,0,0,0,0,0.5,27799999.999999996,1500,0.05647937367100944,0.019657844513842934,0.9803421554861571,"[0.1293314619685938, 0.006954549563397953, 0.5608322563599325, 0, 0.3028817321080757, 0, 0, 0]",0.8,0.2,0.0,0,0,0,0,0,"[0.8, 0.2, 0.0, 0, 0, 0, 0, 0]",0.1293314619685938,0.006954549563397953,0.5608322563599325,0,0.3028817321080757,0,0,0,1.9203308498943716,1,0.9084342023158457,0.9203118622853096,0.9101789527698328,0.8182395179491205,0.95220691005029,0.8177176226075865,0.9366859501164712,0.41798455640500476,0.3979763949466989,0.36311339717865576,0.3620995931403793,0.4934545338837856,0.27449933127761506,0.12250836358650737,0.15466042022698892,8.49169578711761,10.959146783436367,11.823450550430227,8.900955450501478,10.496278736658752,7.173065255135278,11.361385582808857,11.930236567525752,1.0,0.9996559545036152,0.9993349272938804,0.9997348953276759,0.9998570891523431,0.9996425745505162,0.9710853087911568,0.9925742467339081,-3.9032884937421777,-3.3116848743590293,-3.1118099025962467,0.6255179441501166,4.088737409524692,2.2233926185747643,0.013914826795689823,0.00868165586174892,1500,0.9435206263289906,0.00012494287822007502,0.0004878823709055923,0.0007730188733558426,0.2445742780327505,0.449763119498444,71.86578853498588,115.18539964316783,1.9203308498943716,1.9196701687138966,1.9190536902593875,1.9198217612136566,1.9200564137848315,1.9196444747771906,1.8648050763508606,1.9060709468137915,26229873.411945935,1570126.5880540623,3991.8549337533855,214.65428878724072,17310.258273443855,0.0,9348.53683903299,0.0,0.0,0.0,199074.9121750385,10704.868888643656,863267.3788756381,0.0,466214.1237797244,0.0,0.0,0.0
8,363244612,0.9881232716921519,0.9627368366013779,0.8294148672100146,0.9546692720446578,0,1,0,1,0,0,0,0,0,0,0,0,0,0,0,0,0,0,0,0,0,0.5,27799999.999999996,1500,0.05849217915815596,0.036456870997444706,0.9635431290025553,"[0.08381467976034043, 0.005516648758618154, 0.5520779634121964, 0, 0.35859070806884497, 0, 0, 0]",0.8,0.2,0.0,0,0,0,0,0,"[0.8, 0.2, 0.0, 0, 0, 0, 0, 0]",0.08381467976034043,0.005516648758618154,0.5520779634121964,0,0.35859070806884497,0,0,0,1.543095144162203,1,0.9811899119505688,0.9287691036475768,0.9292846996908539,0.8922322091276793,0.8791433646536453,0.9066240102814836,0.7890824014249909,0.3452138424822594,0.28585676339557586,0.4706107824407345,0.48816048363708164,0.1565050529682518,0.14672864878173053,0.47064765710047085,0.4111817868876855,10.892468209367397,8.764576513048082,8.806681725059832,8.087081300176404,7.387562070245053,9.990476199164032,9.560928591486498,10.28841669407204,1.0,0.9998192733229176,0.9999647844602101,0.9999814712363583,0.9935454136818772,0.9879391230204624,0.999934216246549,0.9994994941804026,-4.702731696641023,-3.140207303044801,-3.3927417427055753,0.5752312246443286,4.436960025596169,2.3771986233371396,0.03295424062264407,0.029208487826208374,1500,0.941507820841844,1.9827515742103807e-05,0.0007240902454738434,0.0004048165481001606,0.225379537843737,0.4206632084433013,30.345108280627873,34.23662347568414,1.543095144162203,1.5428162657043767,1.5430408032337541,1.543066552517,1.5331351033571319,1.5244840634607408,1.5429936335716878,1.5423228160623572,26173917.419403262,1626082.5805967355,4968.692028507291,327.0373255544052,32728.221163218084,0.0,21257.93235472738,0.0,0.0,0.0,131320.89872807605,8643.489124105181,864996.1382726764,0.0,561840.1715998707,0.0,0.0,0.0
9,945660547,0.9900565663180131,0.986214208199857,0.8351658489757611,0.968408035421038,0,1,0,1,0,0,0,0,0,0,0,0,0,0,0,0,0,0,0,0,0,0.5,27799999.999999996,1500,0.05246850977854597,0.044595568621135236,0.9554044313788648,"[0.11598325828364875, 0.007629448860866595, 0.527134253904931, 0, 0.3492530389505536, 0, 0, 0]",0.8,0.2,0.0,0,0,0,0,0,"[0.8, 0.2, 0.0, 0, 0, 0, 0, 0]",0.11598325828364875,0.007629448860866595,0.527134253904931,0,0.3492530389505536,0,0,0,2.0386261541189974,1,0.9093035724834632,0.9668074548267793,0.9970878378207152,0.9037973120989953,0.9624063658515596,0.8895451443091295,0.9853930762638381,0.1281819178248977,0.18634979005301974,0.1490128471986787,0.2923151879308326,0.3507013589322431,0.31663203681864865,0.20425086259772282,0.3867182005816002,9.982910117201317,9.114275313762741,11.600507654821754,12.24856494336315,11.215664149940267,10.046031492647145,7.1226000600956105,12.58117122182804,1.0,0.995517785476072,0.9960218016375685,0.9999312186678407,0.9992358253055742,0.9996706979303934,0.9971951807325025,0.9998801950570863,-4.253866288999657,-4.242084820150508,-3.5972527320729544,0.6113262612889045,3.32388109461582,1.9657523147880498,0.0222201132177677,0.0110636542173518,1500,0.947531490221454,5.573573222237891e-05,5.7268417162895375e-05,0.0002527826532287004,0.30085312065460085,0.5087110886133289,45.00427113937375,90.38604970423238,2.0386261541189974,2.0294885943621455,2.030516094891071,2.038485934696342,2.037068287600625,2.037954830307292,2.0329081762027,2.0383819166289805,26341375.428156417,1458624.5718435778,7544.501275207674,496.28185577585714,34289.13025589718,0.0,22718.27879924356,0.0,0.0,0.0,161631.5291798026,10632.219722308153,734601.8451502667,0.0,486710.7856050761,0.0,0.0,0.0
10,547955011,0.954152913655566,0.9855136173045884,0.8563465940444583,0.9663351871348991,0,1,0,1,0,0,0,0,0,0,0,0,0,0,0,0,0,0,0,0,0,0.5,27799999.999999996,1500,0.04184192088982442,0.049747267678829026,0.950252732321171,"[0.09175012055962667, 0.004556815337179031, 0.5546876508006015, 0, 0.34900541330259294, 0, 0, 0]",0.8,0.2,0.0,0,0,0,0,0,"[0.8, 0.2, 0.0, 0, 0, 0, 0, 0]",0.09175012055962667,0.004556815337179031,0.5546876508006015,0,0.34900541330259294,0,0,0,2.385099935081563,1,0.9904747204912415,0.9346828196276797,0.9004834591739527,0.8430633021724915,0.9807461741517335,0.8808366460296133,0.8127407228522379,0.11410319223831028,0.48946866691071655,0.4718684779709398,0.31464617060293787,0.2265611955828574,0.21114901397406377,0.4060971029033261,0.15512912636000956,10.576247672610897,9.739965302589797,10.700232966041188,8.759293711437715,10.832974233531225,10.83844627319951,9.180554115175074,12.885914966835518,1.0,0.9999945192989996,0.9999227310813318,0.9993993573884081,0.9938849282362145,0.99907473667922,0.9998055459653995,0.9751284910280215,-3.7174001531529504,-4.2926583946170265,-3.211216590874856,0.5703881531640158,2.2594469920924314,1.904177723990069,0.005934533819281458,0.014956403250576476,1500,0.9581580791101756,0.0001916901719020026,5.097316558257422e-05,0.0006148701488553244,0.4425861741832318,0.5251610642228137,168.5052323319775,66.86099480244063,2.385099935081563,2.385086863061963,2.384915640988664,2.383667342427648,2.3705148778147396,2.382893089595237,2.384636142776261,2.3257789006471166,26636794.59926288,1163205.4007371187,5309.23912383486,263.68599976409763,32097.716702450783,0.0,20195.648609879292,0.0,0.0,0.0,101414.99662940463,5036.826210604285,613117.9544309938,0.0,385769.33303018706,0.0,0.0,0.0
11,776696670,0.984286471871582,0.9734463617813736,0.8367629544338576,0.9772985986389654,0,1,0,1,0,0,0,0,0,0,0,0,0,0,0,0,0,0,0,0,0,0.5,27799999.999999996,1500,0.03799283928521356,0.021193130121015275,0.9788068698789847,"[0.09253792204072879, 0.0021748519825522013, 0.5602674366205656, 0, 0.34501978935615335, 0, 0, 0]",0.8,0.2,0.0,0,0,0,0,0,"[0.8, 0.2, 0.0, 0, 0, 0, 0, 0]",0.09253792204072879,0.0021748519825522013,0.5602674366205656,0,0.34501978935615335,0,0,0,2.5073924812352923,1,0.9011732775384449,0.9768602145357402,0.9494170999524013,0.8566298483156638,0.8496886580345104,0.8550945804868205,0.7435697610370519,0.171842870611732,0.3234900092390061,0.15703669575136403,0.44916576025977983,0.4908810961958655,0.16105567269515553,0.2861888071839044,0.38389020265439133,9.905915586311114,10.931256103447812,10.58093927017636,12.327996228941156,10.981886533276011,8.193486261183372,12.25682249599795,11.218943950601748,1.0,0.9989613462109711,0.9978160890226365,0.9998284663345524,0.9998515330955113,0.9905670409874625,0.9962984430037747,0.9987046737692145,-3.3610809403550492,-4.143677558307389,-4.472535922085077,0.5485738038818043,1.9262848068802036,1.6398129973831248,0.027984046334443475,0.025821233942861246,1500,0.9620071607147864,0.00043543071400589423,7.183274151214552e-05,3.3687135072753585e-05,0.519134032739215,0.6098256335300657,35.73464637846796,38.72781611494087,2.5073924812352923,2.5047881685340747,2.501916559270964,2.50696237901227,2.507020216435265,2.483740350731455,2.498111225054093,2.504144589983474,26743799.06787106,1056200.932128937,2071.387705128273,48.682329987372164,12541.140477401123,0.0,7722.993276029414,0.0,0.0,0.0,95667.25181156438,2248.3983612267293,579213.8483227303,0.0,356687.22984486923,0.0,0.0,0.0
12,934013921,0.9922342761900607,0.9874857023544724,0.8588307757838142,0.9742355329775085,0,1,0,1,0,0,0,0,0,0,0,0,0,0,0,0,0,0,0,0,0,0.5,27799999.999999996,1500,0.05092946116911358,0.025134004044762938,0.974865995955237,"[0.09681405915108103, 0.003957143768319831, 0.5933014633733183, 0, 0.30592733370728076, 0, 0, 0]",0.8,0.2,0.0,0,0,0,0,0,"[0.8, 0.2, 0.0, 0, 0, 0, 0, 0]",0.09681405915108103,0.003957143768319831,0.5933014633733183,0,0.30592733370728076,0,0,0,2.0225557320325507,1,0.9270809295843596,0.9387769774581025,0.9372528095969928,0.8394700858764278,0.9614138815335144,0.9210246026931616,0.9818335965872944,0.363679863512296,0.10609045859481055,0.34642912117190416,0.36108196197029874,0.24973171422722357,0.44766907791043,0.14458344357384753,0.3999344926073186,10.220803195836506,10.379724435128356,8.40634562774523,10.954478055546213,12.680539141131206,12.504170104634715,7.2345932529523616,9.990719787987345,1.0,0.9872226692488637,0.9998041768545439,0.9996061650044259,0.9928905509984733,0.9998557547513427,0.9943633712968432,0.9999548584369451,-3.099133390809862,-4.865250824304579,-3.6122917362949885,0.5096315829093896,2.6908116005515916,1.7594786341881126,0.029097207334679725,0.01453555002144631,1500,0.9490705388308864,0.0007959148526462364,1.3637952569097308e-05,0.0002441789735146465,0.37163508578415866,0.5683501808826661,34.36755935021099,68.79684625105769,2.0225557320325507,1.996712868481764,2.022159668807244,2.021759178804777,2.00817647520292,2.0222639879780604,2.0111553363396415,2.022464430705441,26384160.97949864,1415839.0205013573,3445.196419847978,140.81774551115896,21113.05006140215,0.0,10886.639441253017,0.0,0.0,0.0,133627.92625937905,5461.860811409841,818906.3127030988,0.0,422257.21705945523,0.0,0.0,0.0
13,2005900680,0.984673838009255,0.968781935967427,0.8685060607005045,0.9611594319007404,0,1,0,1,0,0,0,0,0,0,0,0,0,0,0,0,0,0,0,0,0,0.5,27799999.999999996,1500,0.0590331781177315,0.04014128649474737,0.9598587135052526,"[0.08785751264374565, 0.0015154084065724669, 0.5634527459669066, 0, 0.34717433298277506, 0, 0, 0]",0.8,0.2,0.0,0,0,0,0,0,"[0.8, 0.2, 0.0, 0, 0, 0, 0, 0]",0.08785751264374565,0.0015154084065724669,0.5634527459669066,0,0.34717433298277506,0,0,0,1.6574428239121803,1,0.9049722023277778,0.9864197185060891,0.9914575443835715,0.875444522941896,0.9249153133222036,0.9605247093012804,0.7441963877082358,0.26769385108914073,0.1191930702264123,0.39056666452377187,0.29934543950874004,0.35096294361539593,0.1216764533267229,0.2746471708724374,0.17229934717731954,12.774386660028163,11.07876154401912,8.226198354626638,10.049451773542927,9.558691555789766,9.322694527437953,10.4630556648466,10.864338434543047,1.0,0.9847801548705319,0.9999804854711355,0.9999032823964069,0.9994469333571442,0.9902751119848723,0.9992810437322264,0.9793448390736584,-4.71890578374078,-3.3438599091174934,-3.6959665174148713,0.5611772735726558,4.576880414500809,1.9484619376873678,0.007975328544796448,0.030372971593373665,1500,0.9409668218822685,1.9102676288994686e-05,0.00045304369517437914,0.00020138795069416334,0.21848943154200107,0.513225319241751,125.38668399466204,32.92400932604716,1.6574428239121803,1.6322168008212887,1.6574104796963518,1.657282520014159,1.6565261475738338,1.6413243780581572,1.6562511950054521,1.6232080756580642,26158877.648327064,1641122.3516729353,5787.7684935204425,99.83019967730117,37118.44272120981,0.0,22870.721077029284,0.0,0.0,0.0,138397.15926851807,2387.1404082618415,887576.452796573,0.0,546884.8367081452,0.0,0.0,0.0
14,2004750337,0.9842605385094025,0.9681062968438677,0.8338161624377433,0.9624515888246445,0,1,0,1,0,0,0,0,0,0,0,0,0,0,0,0,0,0,0,0,0,0.5,27799999.999999996,1500,0.041993512397580646,0.024816453171571023,0.975183546828429,"[0.09908225403954918, 0.01234118676864106, 0.5039957642641847, 0, 0.3845807949276251, 0, 0, 0]",0.8,0.2,0.0,0,0,0,0,0,"[0.8, 0.2, 0.0, 0, 0, 0, 0, 0]",0.09908225403954918,0.01234118676864106,0.5039957642641847,0,0.3845807949276251,0,0,0,2.1752421001102835,1,0.9566787524092271,0.9761986544048997,0.9892283895002897,0.8097901007707922,0.9128943030609276,0.8549863565003569,0.8942587121711416,0.3722932457447907,0.2891718770248547,0.36810262523418114,0.26095317876831015,0.22627051925673136,0.23222042251632985,0.3237395000777457,0.21045425346503885,10.706500028103349,12.59237181416394,10.977969962961867,10.404827695413614,7.364746378976126,8.784319891032823,9.407076338917228,12.41821047133432,1.0,0.9988278528839922,0.9998633704468153,0.9997651407802628,0.9965314458349808,0.9980202209679144,0.9990689412604302,0.9929820087688211,-3.6538844641790074,-4.736003843254382,-3.2269034660943445,0.5481495905607584,2.600363483498466,1.6990516784761405,0.024481058802979093,0.0032631597398884342,1500,0.9580064876024194,0.00022187866074437656,1.8365220911206548e-05,0.0005930571332063907,0.38456162238312325,0.5885636162031801,40.8479064589441,306.4514396203569,2.1752421001102835,2.1726923963560205,2.174944897754077,2.1747312244479122,2.1676971550640207,2.1709356014107755,2.1732168219422956,2.1599762701260183,26632580.355347253,1167419.6446527417,2870.5332788263054,357.539174527203,14601.369616908065,0.0,11141.772872835278,0.0,0.0,0.0,112800.03652341689,14049.804697512862,573773.1864068735,0.0,437825.4020818418,0.0,0.0,0.0
15,159306689,0.9857409061906779,0.948097611579275,0.8392088112197027,0.9510243920387957,0,1,0,1,0,0,0,0,0,0,0,0,0,0,0,0,0,0,0,0,0,0.5,27799999.999999996,1500,0.05449705523942755,0.004513141662477716,0.9954868583375223,"[0.11860988091780866, 0.003284029661463212, 0.5354700363008204, 0, 0.3426360531199078, 0, 0, 0]",0.8,0.2,0.0,0,0,0,0,0,"[0.8, 0.2, 0.0, 0, 0, 0, 0, 0]",0.11860988091780866,0.003284029661463212,0.5354700363008204,0,0.3426360531199078,0,0,0,2.0110418871766154,1,0.9387562630318349,0.9517486315801942,0.9048570455688554,0.8706421862635874,0.8781213223378689,0.8654670351508592,0.9520350615815278,0.2381061362595762,0.26971926920731015,0.261505954157363,0.4831190137210015,0.24386641614405158,0.3252895359091429,0.14279959605026793,0.3776428889163298,7.580130569946857,7.37501734281752,12.341681307902697,7.205023576873981,8.646071892352532,7.738248755080837,10.361291353005242,9.992076509152522,1.0,0.9994739585949699,0.9982922229149641,0.9999822719387348,0.9976353055721786,0.999554894568777,0.9851606856924482,0.9998336028865946,-3.8614306190526815,-4.205342145478418,-3.47541424426218,0.5921845159091922,3.8964596996461367,1.7664794044293723,0.007655506497478294,0.020807533532117676,1500,0.9455029447605725,0.00013758445915080448,6.232436387917309e-05,0.00033464609050779665,0.25664322926035055,0.5660977407902648,130.6249299545886,48.05951644660046,2.0110418871766154,2.0099839958767105,2.007607475924648,2.0110062353028324,2.0062863876318935,2.010146761510216,1.9811994045271495,2.010707255611652,26284981.86434391,1515018.1356560858,810.9940487294484,22.45452478907063,3661.2718042760016,0.0,2342.771089644276,0.0,0.0,0.0,178885.12660975938,4952.9099703602105,807585.5442918894,0.0,516757.063316638,0.0,0.0,0.0
16,445641572,0.9795502279528491,0.9720367147120064,0.849058229847206,0.9660626312979635,0,1,0,1,0,0,0,0,0,0,0,0,0,0,0,0,0,0,0,0,0,0.5,27799999.999999996,1500,0.046484205235099885,0.03892816433034853,0.9610718356696515,"[0.11453034154577338, 0.002788962752564191, 0.5609339421637496, 0, 0.32174675353791293, 0, 0, 0]",0.8,0.2,0.0,0,0,0,0,0,"[0.8, 0.2, 0.0, 0, 0, 0, 0, 0]",0.11453034154577338,0.002788962752564191,0.5609339421637496,0,0.32174675353791293,0,0,0,2.1503848325557873,1,0.9787795805895817,0.9585471522120906,0.9375296179303678,0.8028291672031853,0.8427951705246951,0.9519266025728629,0.7264698657661102,0.24996117119571848,0.46926251764465565,0.23282099979315665,0.4760017775050688,0.3335644182162106,0.19495325925654777,0.4650214012267406,0.23539590883694925,7.345490632363939,9.563473307378503,12.75250679281141,9.32955843679666,9.202199827293258,7.0768950937023725,11.370259409373116,9.756569314772303,1.0,0.9999847093847871,0.9977268588566337,0.9999636983785521,0.9989841398417321,0.9953489248633134,0.9999144138067388,0.9926086992995056,-4.6937925641018445,-3.5160284353776934,-3.9493654866208656,0.5832019173760488,4.905365702556554,1.4985523258708717,0.02120553024513606,0.01434548997370377,1500,0.9535157947649001,2.0239856819463586e-05,0.00030476954356120254,0.00011236589449839496,0.20385839927873778,0.6673106989566467,47.15750978353259,69.7083196065848,2.1503848325557873,2.150351951848753,2.145496704318834,2.1503067700996286,2.1482003422794502,2.140383231126779,2.150200789303922,2.134490691636585,26507739.09446422,1292260.9055357766,5761.488331644282,140.299733148592,28217.975420146984,0.0,16185.581403441858,0.0,0.0,0.0,142241.5945456186,3463.7677989855615,696655.028626133,0.0,399595.1696766579,0.0,0.0,0.0
17,2123974086,0.9808106021245082,0.9952866610460721,0.8420996269402726,0.9643601321089348,0,1,0,1,0,0,0,0,0,0,0,0,0,0,0,0,0,0,0,0,0,0.5,27799999.999999996,1500,0.05761643608263245,0.030395529643231407,0.9696044703567686,"[0.09566426595926764, 0.003370412267454629, 0.579131938648079, 0, 0.3218333831251987, 0, 0, 0]",0.8,0.2,0.0,0,0,0,0,0,"[0.8, 0.2, 0.0, 0, 0, 0, 0, 0]",0.09566426595926764,0.003370412267454629,0.579131938648079,0,0.3218333831251987,0,0,0,1.8973953028395636,1,0.9910567347561682,0.9074818024829298,0.9363397060428428,0.8223362515620207,0.9132691294552511,0.8205055459732051,0.8914243194028921,0.33320835795379244,0.33168097938572405,0.12005026938726511,0.4366716219725246,0.47375625798855003,0.3246397919740964,0.146348435045317,0.21517174967902486,7.273444073471751,12.275747819777111,7.742550680327966,10.118104951596326,8.222246563928785,10.313010327389396,9.964134332081793,10.390557305124789,1.0,0.9998696838447456,0.9896285718057387,0.9999034852968591,0.9999367030804409,0.9992646749996855,0.9820576038326345,0.9954929226746458,-4.84866972442074,-3.054189406147963,-3.677868853105198,0.4595997793081018,1.7157436148749545,2.7725404374759397,0.01704623156525879,0.021986403351447022,1500,0.9423835639173676,1.4168708831167343e-05,0.0008826948522511229,0.00020995738106621445,0.5828376636988861,0.3606800414822365,58.663992459075715,45.4826550761967,1.8973953028395636,1.8971480415786999,1.8777166037000343,1.8972121762951693,1.897275203561708,1.8960001006379064,1.8633514846299177,1.888843595492902,26198263.076902814,1601736.9230971818,4657.476216802398,164.0906854725962,28195.41030913841,0.0,15668.664915245248,0.0,0.0,0.0,148571.5107911454,5234.4230893691765,899421.5991683415,0.0,499823.747921667,0.0,0.0,0.0
18,843544805,0.9715476715657712,0.9852616675006818,0.8520161177440845,0.9777124174814595,0,1,0,1,0,0,0,0,0,0,0,0,0,0,0,0,0,0,0,0,0,0.5,27799999.999999996,1500,0.04705260816141739,0.013866748061736506,0.9861332519382635,"[0.10175605655424803, 0.0015585751815582979, 0.5611649048030966, 0, 0.3355204634610971, 0, 0, 0]",0.8,0.2,0.0,0,0,0,0,0,"[0.8, 0.2, 0.0, 0, 0, 0, 0, 0]",0.10175605655424803,0.0015585751815582979,0.5611649048030966,0,0.3355204634610971,0,0,0,2.168034017913033,1,0.9296879604418516,0.9081068462145283,0.9309762134528605,0.9621730115929208,0.8396154399942771,0.9799064611655947,0.9409884410368501,0.193370145283137,0.3782031183364458,0.2911079026725052,0.19034034899720564,0.33630156720481386,0.2649915495574889,0.2063913072274579,0.4843721786631481,7.009516978424125,11.700074512174725,12.281480937270365,8.851068168949487,11.813499477552265,8.48529502749249,11.898103976984295,8.79795360251992,1.0,0.9995399506800295,0.9977760948976143,0.9969383676338182,0.9995538125944515,0.9979985823007453,0.9987348183478441,0.9999767434043537,-4.139505383122683,-4.738656708020427,-4.186269438218812,0.5711435388443641,3.536692116191665,1.6344192102139603,0.014289447588568685,0.030281212396622504,1500,0.9529473918385826,7.252614883482781e-05,1.8253379870413157e-05,6.512242463014752e-05,0.28275008599753576,0.611838134152309,69.98171159534418,33.0237768191718,2.168034017913033,2.167036615337419,2.1632125159984503,2.161396294792807,2.1670666684394395,2.1636948762569954,2.1652910610523195,2.167983596822531,26491937.49311259,1308062.5068874033,1845.7096836098906,28.270330068290175,10178.7307210055,0.0,6085.862497327413,0.0,0.0,0.0,131257.57274371618,2010.4434290933466,723860.0414329639,0.0,432795.87604961864,0.0,0.0,0.0
19,1146183646,0.9823387426329997,0.9940762895307841,0.8336818024965921,0.9676904127856086,0,1,0,1,0,0,0,0,0,0,0,0,0,0,0,0,0,0,0,0,0,0.5,27799999.999999996,1500,0.04429076458608381,0.025995063722822294,0.9740049362771777,"[0.11501333782442132, 0.004682834044230834, 0.534114975815852, 0, 0.34618885231549584, 0, 0, 0]",0.8,0.2,0.0,0,0,0,0,0,"[0.8, 0.2, 0.0, 0, 0, 0, 0, 0]",0.11501333782442132,0.004682834044230834,0.534114975815852,0,0.34618885231549584,0,0,0,1.884500718898616,1,0.9133305165811244,0.9564892073729687,0.9422714670889212,0.8404748824723913,0.9675544280056912,0.9217363975482763,0.9668196968434188,0.14895419835182674,0.38894228607702586,0.3153170427493288,0.4578595998917946,0.11597867015199133,0.396530762018821,0.48398930788112426,0.13038700386606275,8.858654375067461,7.8115404686151155,8.580051354987651,12.719366561047115,9.472136604941639,10.542387242761864,7.333286022953492,8.395250268435726,1.0,0.9998910640239944,0.9997544064301945,0.9997902605396336,0.9773453642013812,0.9998944906622437,0.9999847214557918,0.9965769352205461,-4.05945879298659,-3.411027806318716,-3.417729064193323,0.6672365882021588,4.820757400768011,2.47430187558988,0.018673438706902325,0.03835483485104837,1500,0.9557092354139162,8.720496397467294e-05,0.0003881255149098172,0.0003821826221639429,0.2074362837343125,0.40415440406259945,53.552000555225355,26.072332311780677,1.884500718898616,1.8842954289735196,1.8840378976397607,1.8841054647347741,1.8418080414497326,1.8843018864757637,1.8844719264710719,1.8780499508608988,26568716.744506866,1231283.2554931298,3681.2648766196585,149.88481176315685,17095.57115496528,0.0,11080.565844039898,0.0,0.0,0.0,137932.73214496495,5616.010335151443,640551.2550752112,0.0,415175.97125041415,0.0,0.0,0.0
20,1427834260,0.9704986430970801,0.96857463817542,0.8444854108851882,0.9585624690291813,0,1,0,1,0,0,0,0,0,0,0,0,0,0,0,0,0,0,0,0,0,0.5,27799999.999999996,1500,0.04495477889336415,0.02619897572658881,0.9738010242734112,"[0.0865759570947245, 0.011238910407170467, 0.5763892398056424, 0, 0.3257958926924626, 0, 0, 0]",0.8,0.2,0.0,0,0,0,0,0,"[0.8, 0.2, 0.0, 0, 0, 0, 0, 0]",0.0865759570947245,0.011238910407170467,0.5763892398056424,0,0.3257958926924626,0,0,0,2.7788158928210986,1,0.9475142501100411,0.9238316591232859,0.960288203519969,0.8415978626977845,0.9508688826132851,0.996431107785426,0.7312055664536529,0.4416188402686049,0.20825408706930207,0.42162422875366734,0.46876530258205085,0.24116151940807895,0.21535915510047443,0.4825893690474726,0.2614093848382997,8.733059613039432,7.24902618304761,10.003535880936996,9.517516831444487,9.220088991055862,8.787694470472124,7.573017249522283,10.426975814910909,1.0,0.9987246325502497,0.9998624305384609,0.9999717792793664,0.9965369067862451,0.9985420351842998,0.9999991982914858,0.9941442580527151,-4.797677638252661,-3.622492837802119,-3.368609833515711,0.5413033768640456,1.4648306107986855,1.7580097490982312,0.021174885071080146,0.00843159547691081,1500,0.9550452211066358,1.5933910071540542e-05,0.00023851031292361556,0.00042794717762352003,0.682672790033217,0.5688250594246982,47.22575809234318,118.60151530495183,2.7788158928210986,2.7752718814825457,2.778433612615007,2.778737472634095,2.7691925943603954,2.774764477020057,2.778813665020738,2.762543864033724,26550257.146764472,1249742.8532355232,2834.6684873878135,367.9842098531344,18872.126504577005,0.0,10667.203474577358,0.0,0.0,0.0,105363.01515376943,13677.763749662503,701466.2066243808,0.0,396493.88503131527,0.0,0.0,0.0
21,874363302,0.9826709233573464,0.9869162185016358,0.8435262856810533,0.9666654109302942,0,1,0,1,0,0,0,0,0,0,0,0,0,0,0,0,0,0,0,0,0,0.5,27799999.999999996,1500,0.04161547940240256,0.04310135536228381,0.9568986446377162,"[0.1113246331369582, 0.004272542103710066, 0.5495978792906826, 0, 0.3348049454686491, 0, 0, 0]",0.8,0.2,0.0,0,0,0,0,0,"[0.8, 0.2, 0.0, 0, 0, 0, 0, 0]",0.1113246331369582,0.004272542103710066,0.5495978792906826,0,0.3348049454686491,0,0,0,2.27043723662524,1,0.9204550118192066,0.9451029119615038,0.9540486297210837,0.9658722591870408,0.8385982617449717,0.8405216234554799,0.9092967150243076,0.46916397695220335,0.11344404826162138,0.3852634377951072,0.13788899632503557,0.465384960309272,0.1404669150019034,0.3134796368709797,0.2704225740979036,7.46589965027423,11.421821239393394,11.357447784571738,7.060566292208806,9.17375053518931,12.459892963373598,9.94128203540614,10.670919659434716,1.0,0.9859364682713117,0.9997130216865986,0.996419632547422,0.9999782224688729,0.9762828864316513,0.9985831847082407,0.9981462003349799,-3.32631905416389,-4.6589804640220285,-4.42216968031083,0.5704858012564327,2.3535137262241035,1.7124173823359086,0.03313745984131345,0.023737477684541954,1500,0.9583845205975975,0.00047171636780898467,2.1929035770652804e-05,3.782947548105381e-05,0.4248966083594361,0.5839697788140296,30.177328159392303,42.12747509610966,2.27043723662524,2.2385068705099656,2.2697856703763897,2.262308237040106,2.2703877921076474,2.2165890188343913,2.26722044642941,2.266228300836535,26643089.672613207,1156910.327386791,5551.136386487212,213.0477619048152,27405.37021948525,0.0,16694.848775116898,0.0,0.0,0.0,123241.4813822055,4729.900322072247,608430.0922417844,0.0,370644.45029773464,0.0,0.0,0.0
22,1773973039,0.9852637522421726,0.9825884122473216,0.8517357565622921,0.9698042294362967,0,1,0,1,0,0,0,0,0,0,0,0,0,0,0,0,0,0,0,0,0,0.5,27799999.999999996,1500,0.04302642415018261,0.03906666210592691,0.9609333378940731,"[0.13894092698259702, 0.01202150394977155, 0.5122679305589668, 0, 0.33676963850866465, 0, 0, 0]",0.8,0.2,0.0,0,0,0,0,0,"[0.8, 0.2, 0.0, 0, 0, 0, 0, 0]",0.13894092698259702,0.01202150394977155,0.5122679305589668,0,0.33676963850866465,0,0,0,2.6971728228832794,1,0.9690451606437329,0.9418928830787227,0.9639234979477704,0.9510356460693792,0.8050162409596412,0.9927550806048503,0.8758913774625561,0.3936797130660715,0.34365734459621067,0.3919207372450081,0.4728405952446527,0.4732515472023816,0.298027362580599,0.2575827179853507,0.32319884892188966,9.149883906738143,7.173444444614091,8.991547768593552,12.421571858550644,9.823117939321243,8.554991742133815,10.335736864826604,10.413127116154307,1.0,0.9999320705412883,0.9998898724854085,0.9999051528980798,0.9999624865519119,0.9985520749369832,0.9998371206018106,0.9988904751545024,-3.638012151593753,-4.477008016533297,-3.116506332645187,0.4808998848379143,1.1057833036592775,1.9362650874542942,0.030687917815785594,0.015255537172382158,1500,0.9569735758498173,0.00023013774237863648,3.33420258185219e-05,0.0007647045378531852,0.9043363167908056,0.5164582094049688,32.58611437904754,65.54996973887938,2.6971728228832794,2.696989605393369,2.6968757899438716,2.696917003857651,2.6970716426306036,2.6932675187537387,2.6967335089970756,2.6941802426236894,26603865.408624917,1196134.5913750764,6492.56861991194,561.7526887395129,23937.76091152008,0.0,15736.903694289536,0.0,0.0,0.0,159699.48030169107,13817.584025934348,588803.6308821857,0.0,387084.91025080427,0.0,0.0,0.0
23,1371273618,0.9925462273584912,0.9974338192735579,0.8307323851970432,0.9692991950298895,0,1,0,1,0,0,0,0,0,0,0,0,0,0,0,0,0,0,0,0,0,0.5,27799999.999999996,1500,0.03652076733973895,0.039249973967512675,0.9607500260324873,"[0.119043857563231, 0.002000069332779362, 0.5690588995170232, 0, 0.30989717358696645, 0, 0, 0]",0.8,0.2,0.0,0,0,0,0,0,"[0.8, 0.2, 0.0, 0, 0, 0, 0, 0]",0.119043857563231,0.002000069332779362,0.5690588995170232,0,0.30989717358696645,0,0,0,2.46797857087523,1,0.9667156191020304,0.9635779644758703,0.9889216568226986,0.9681898230907866,0.9827171276393949,0.9721231097989129,0.8408396940859111,0.3055774708104436,0.2768015585598425,0.35849199779650553,0.42183318534337033,0.1721609175645115,0.32036008333485877,0.49121629227493824,0.47656944925942,9.669724204289041,12.824813439182178,8.60308000886417,9.494640749707443,12.251618608063215,8.867668651823612,9.523487220811132,11.256193143691586,1.0,0.9988878273193473,0.9998976044360134,0.9999839014324317,0.9968024471867718,0.9999015289000494,0.9999859562051191,0.9997705899296785,-3.3982163245254213,-3.7932099813834563,-3.142913995552889,0.5906475260399351,2.0387688886410276,1.8293362776304292,0.03395640160889295,0.022438236495785847,1500,0.963479232660261,0.0003997455846373111,0.00016098670762400532,0.0007195914664332637,0.4904920835174041,0.5466463504978523,29.44952800116803,44.566782250815976,2.46797857087523,2.4652337525322667,2.4677258608175587,2.46793883995545,2.460087079052941,2.4677355463107014,2.4679439110904102,2.4674123917377337,26784722.667955253,1015277.3320447427,4743.851160194845,79.70198058926198,22676.77455982268,0.0,12349.28115195508,0.0,0.0,0.0,116118.67894291668,1950.9230754994771,555075.8267181378,0.0,302282.2944556267,0.0,0.0,0.0
24,1849364641,0.9752608079976919,0.9893652045720879,0.8575553754602979,0.9707310479476498,0,1,0,1,0,0,0,0,0,0,0,0,0,0,0,0,0,0,0,0,0,0.5,27799999.999999996,1500,0.04482114031651006,0.03420542899019365,0.9657945710098064,"[0.09542239893557394, 0.0006472019908502359, 0.5897554927703939, 0, 0.31417490630318207, 0, 0, 0]",0.8,0.2,0.0,0,0,0,0,0,"[0.8, 0.2, 0.0, 0, 0, 0, 0, 0]",0.09542239893557394,0.0006472019908502359,0.5897554927703939,0,0.31417490630318207,0,0,0,2.2235953956128194,1,0.9007908837163642,0.960343159649144,0.920928247207713,0.9399964808806052,0.9686384007376376,0.8249089980886756,0.7310477656807931,0.305605537198423,0.4301246455436126,0.27915167067129254,0.18515326254754721,0.3636094291721629,0.22071377271544068,0.18315612834580697,0.3452375398585108,11.327505493548587,9.074945209952121,8.209860379566688,7.767644475332411,9.055313493599334,10.16748669433109,7.9115057877433905,7.4949517267309975,1.0,0.9998941068756033,0.9996359940455567,0.9968643815050123,0.9998171874567661,0.9988511421648063,0.9926402723016556,0.9993589278421562,-3.1548098107479707,-4.906022888090439,-4.479545119714289,0.621918838337984,4.907105729493399,1.5128548783670595,0.013886459037730284,0.009378882233249274,1500,0.9551788596834899,0.0007001485427813128,1.2415868720351115e-05,3.3147813010310156e-05,0.2037861124511043,0.6610019336946429,72.01259855251394,106.62251376340762,2.2235953956128194,2.2233599321489836,2.2227859936485435,2.2166230487649665,2.223188894483424,2.221040800620269,2.2072303389898167,2.222169910514382,26553972.299201015,1246027.7007989795,4066.98967163058,27.584339123813145,25135.91698217525,0.0,13390.421046564115,0.0,0.0,0.0,114831.96267878561,778.8472694878285,709715.7637080878,0.0,378080.2151031247,0.0,0.0,0.0
25,887449729,0.9743227700331041,0.9906795461806742,0.8573779844658467,0.9650312821200567,0,1,0,1,0,0,0,0,0,0,0,0,0,0,0,0,0,0,0,0,0,0.5,27799999.999999996,1500,0.054438768667503704,0.035748444667073075,0.964251555332927,"[0.09165235583104664, 0.003395870110392628, 0.5436956279743389, 0, 0.36125614608422174, 0, 0, 0]",0.8,0.2,0.0,0,0,0,0,0,"[0.8, 0.2, 0.0, 0, 0, 0, 0, 0]",0.09165235583104664,0.003395870110392628,0.5436956279743389,0,0.36125614608422174,0,0,0,1.8148551957816088,1,0.958069835873549,0.9733254030528417,0.9111193005404088,0.9149452243586638,0.9321258879550061,0.9844576366435162,0.8631884512937079,0.24591736864314925,0.4051080945540614,0.12363544746632522,0.44937091386241546,0.433029170637811,0.483849726402795,0.3127357447923367,0.3590491733440583,8.137301897101471,9.621631906298806,8.994233386630983,10.463893782571143,10.137944028282226,9.191046821280047,7.367877467269329,9.346556107289539,1.0,0.9999169313963896,0.9967539105164916,0.9998696632862056,0.9998627149970724,0.9999673750829364,0.9999372537641709,0.9995026636355185,-3.394465201653917,-4.19412850401092,-3.264896704027718,0.5324373355550278,2.148089190496515,2.607227940597075,0.007299124327750395,0.026203273900355914,1500,0.9455612313324963,0.00040321325307593296,6.3954557143598e-05,0.0005433795577376039,0.4655300182246424,0.383549126805918,137.00273554707377,38.16317013678269,1.8148551957816088,1.8147044382947402,1.8089640134164917,1.814618653519378,1.8146060433807427,1.814795986281364,1.8147413204494987,1.8139526022964785,26286602.23104339,1513397.7689566028,4958.540597585769,183.72206206625364,29414.81230455636,0.0,19544.54143860857,0.0,0.0,0.0,133747.9302367369,4955.580186668361,793412.9380632673,0.0,527179.7040671132,0.0,0.0,0.0
26,816072213,0.9795161099162529,0.9781261600319029,0.849546943686386,0.9726098003843976,0,1,0,1,0,0,0,0,0,0,0,0,0,0,0,0,0,0,0,0,0,0.5,27799999.999999996,1500,0.05747822573365577,0.004603930519704524,0.9953960694802955,"[0.12858983564042306, 0.006436981182629535, 0.5264961999173592, 0, 0.33847698325958814, 0, 0, 0]",0.8,0.2,0.0,0,0,0,0,0,"[0.8, 0.2, 0.0, 0, 0, 0, 0, 0]",0.12858983564042306,0.006436981182629535,0.5264961999173592,0,0.33847698325958814,0,0,0,1.5311438047993131,1,0.9917143247247108,0.960887386482572,0.9252698843701271,0.8978704023565596,0.9460578064388678,0.9317205704690888,0.7813720189148499,0.2578039837580285,0.3727128716010225,0.4092930713736742,0.43931124449219894,0.11495649219283136,0.20855122028758177,0.4598446400707127,0.4864777625927058,8.520645213033568,9.125594896061399,12.876980859594486,7.8901115498170284,7.417587900888208,8.093084377002015,11.82534792355378,9.747923076477676,1.0,0.9999775756861053,0.9997259876471594,0.9999590245999811,0.9880281382738318,0.9984521733288406,0.9998392970764404,0.9998678310257719,-3.810941634441672,-3.408998033960196,-3.105949724935691,0.5383577006867791,3.0491859816193485,2.649898981148607,0.030591180109818213,0.01891575783516825,1500,0.9425217742663442,0.0001545462122809834,0.0003899437519377528,0.0007835203398788178,0.32795638115485637,0.3773728761413187,32.68916061459986,52.86597601396631,1.5311438047993131,1.5311094699500165,1.5307242524828226,1.531081065569425,1.5128131628853767,1.5287738595808642,1.5308977455134916,1.530941435093237,26202105.324604366,1597894.67539563,945.9834786562402,47.35427042784432,3873.2198716688254,0.0,2490.038442574385,0.0,0.0,0.0,204527.030201175,10238.263686917757,837412.2545923126,0.0,538360.5308518973,0.0,0.0,0.0
27,204510539,0.9824584192940787,0.9737864454116291,0.8547435987360876,0.9737672771925072,0,1,0,1,0,0,0,0,0,0,0,0,0,0,0,0,0,0,0,0,0,0.5,27799999.999999996,1500,0.05953458568787087,0.020456901669291427,0.9795430983307085,"[0.11821682540409804, 0.00701703727026858, 0.5300853603556127, 0, 0.3446807769700207, 0, 0, 0]",0.8,0.2,0.0,0,0,0,0,0,"[0.8, 0.2, 0.0, 0, 0, 0, 0, 0]",0.11821682540409804,0.00701703727026858,0.5300853603556127,0,0.3446807769700207,0,0,0,1.722693306015132,1,0.9041388863635479,0.9917595855414599,0.9880981983063604,0.857358224831793,0.9947923880146678,0.9090709788437299,0.998289030407834,0.46154171634631247,0.2567289189289398,0.12305093017140858,0.36006503744355567,0.12259013394518999,0.49334437038632395,0.31044163180409556,0.21877086444954635,12.017297719567159,8.975754412631861,8.04730959312764,12.247406296786288,8.998732325337514,10.36246153925223,10.64477626194785,11.551986468217306,1.0,0.9984509239112891,0.9990878406025664,0.9998797644665806,0.9823767062922643,0.9999961607410676,0.9989508451771955,0.9999139125082471,-3.1447308099180344,-4.825141295048176,-3.063518681609879,0.4607319938339486,2.060559488447618,2.3094964034347307,0.018566445895277086,0.02893462743552423,1500,0.9404654143121292,0.0007165874371784368,1.4957489441718533e-05,0.0008639354968388378,0.4853050861217207,0.43299482887818286,53.86060453575442,34.56066618546672,1.722693306015132,1.7200247230066015,1.7211219351271543,1.7224861770665651,1.6923337759148769,1.722686692149469,1.720885934024913,1.7225450036693577,26144938.517877188,1655061.48212281,4002.517890518026,237.57884816037495,17947.3279803662,0.0,11670.005277373462,0.0,0.0,0.0,191653.59637464196,11376.04925648134,859376.5341813981,0.0,558797.8723138707,0.0,0.0,0.0
28,1741905008,0.9845867278028358,0.964631652943215,0.8616900875549501,0.9676462832864448,0,1,0,1,0,0,0,0,0,0,0,0,0,0,0,0,0,0,0,0,0,0.5,27799999.999999996,1500,0.053884456267177805,0.015081292172506162,0.9849187078274938,"[0.11400812513185818, 0.01067313667598722, 0.5377697482658241, 0, 0.3375489899263304, 0, 0, 0]",0.8,0.2,0.0,0,0,0,0,0,"[0.8, 0.2, 0.0, 0, 0, 0, 0, 0]",0.11400812513185818,0.01067313667598722,0.5377697482658241,0,0.3375489899263304,0,0,0,1.9659732994729169,1,0.9652920874206893,0.9488595981421621,0.9729039218028809,0.8920208028773976,0.8020034838662813,0.9270121166008327,0.7368950766051859,0.27059981229848196,0.15650068414504978,0.32133031956197466,0.2737045795555382,0.12540598895433527,0.10339542601954364,0.1390183566663816,0.41771918963834986,8.909859368785481,7.125566108418932,7.028208558085426,12.016322058346235,8.40887098330098,12.825442377623638,11.116455820047772,9.28361467782728,1.0,0.9979997769490155,0.9998407446150303,0.9992422511602789,0.9879892276794727,0.956138950509863,0.9907276705174795,0.9996268851161249,-4.957522222568636,-3.477690698138139,-3.0722244393091973,0.5802326491703131,2.6811840629151433,2.434379134210828,0.006722067751649723,0.01578735978617426,1500,0.9461155437328221,1.1027518053069575e-05,0.0003328965557699549,0.0008467896880865325,0.37296954499749646,0.41078235758218407,148.7637490346004,63.34181354856735,1.9659732994729169,1.9620409143616913,1.965660207638269,1.9644835854863185,1.9423604417847118,1.8797436472884472,1.947744147286366,1.9652397655735825,26302012.115772452,1497987.8842275427,2575.625156303358,241.12315931467714,12149.075255210326,0.0,7625.769382081543,0.0,0.0,0.0,168207.1649947178,15747.106268018808,793423.4921510898,0.0,498018.52786080627,0.0,0.0,0.0
29,607917439,0.9805261844949718,0.9940806699832767,0.8758412536088115,0.9674856653472176,0,1,0,1,0,0,0,0,0,0,0,0,0,0,0,0,0,0,0,0,0,0.5,27799999.999999996,1500,0.05276680251837117,0.03310028443545126,0.9668997155645488,"[0.1248204350402382, 0.003462513445744632, 0.5605218228355084, 0, 0.31119522867850885, 0, 0, 0]",0.8,0.2,0.0,0,0,0,0,0,"[0.8, 0.2, 0.0, 0, 0, 0, 0, 0]",0.1248204350402382,0.003462513445744632,0.5605218228355084,0,0.31119522867850885,0,0,0,1.90056422744838,1,0.9746531274817699,0.9918723844007763,0.9645046316134605,0.860353366586591,0.9969293606345373,0.9148373612816634,0.8649827811141446,0.28737969112675904,0.2275107680370704,0.20691766100798736,0.41694450573373887,0.19594922584890578,0.17031861550445104,0.24675540701076226,0.3266355116744146,7.176543970404864,9.56951607914802,7.4884170541406005,11.594955961538481,11.614578043546054,11.811620432681222,9.657303160402526,9.825991841514771,1.0,0.9992615036799974,0.9997878905695372,0.9998667462745049,0.990515259976782,0.9997053438496389,0.9981018605453468,0.999050428042011,-4.740840870397694,-4.116351179346354,-3.2851592286924527,0.6515440403643142,4.126043204746358,2.416807505597355,0.008723554491684936,0.0351761607514,1500,0.9472331974816288,1.8161810067555414e-05,7.649777801636139e-05,0.000518609862185847,0.24236294928992957,0.41376898974535126,114.6321721212579,28.428344044345437,1.90056422744838,1.8991606677604809,1.900161099852538,1.9003109701845298,1.882537869853604,1.900004214509606,1.8969566915021578,1.898759504953638,26333082.88998928,1466917.1100107182,6060.7028543691795,168.12363389977904,27216.346510090636,0.0,15110.200586225334,0.0,0.0,0.0,177040.52898513764,4911.096583305191,795022.7059417133,0.0,441387.4049159775,0.0,0.0,0.0
30,1906059605,0.9759537657512113,0.9696739927104745,0.8449924107385679,0.9749314698257745,0,1,0,1,0,0,0,0,0,0,0,0,0,0,0,0,0,0,0,0,0,0.5,27799999.999999996,1500,0.04280944461558524,0.006488179610566281,0.9935118203894338,"[0.12682142435472668, 0.006001510255283573, 0.535066328656897, 0, 0.3321107367330927, 0, 0, 0]",0.8,0.2,0.0,0,0,0,0,0,"[0.8, 0.2, 0.0, 0, 0, 0, 0, 0]",0.12682142435472668,0.006001510255283573,0.535066328656897,0,0.3321107367330927,0,0,0,2.447562862147273,1,0.990214178871413,0.9326578650812208,0.9580106006074272,0.8782638626858176,0.8643169854862816,0.8990479370296596,0.8997632111123348,0.4962019128428299,0.10908795342643401,0.2677160676898283,0.25506780895805564,0.26018555334344307,0.11989685667816019,0.48999730834069,0.41764331679931177,7.843943408324003,9.15257486487312,7.965411922002808,9.754378834237066,12.417329808639263,7.833093534193306,9.377515874227496,7.043741359421376,1.0,0.9985221979624928,0.9992994959132755,0.9991535544103569,0.9955376057542226,0.9846064495019338,0.9999517512046275,0.99994410622758,-3.6949274566965737,-3.8074290091026555,-4.506175389355089,0.6208424790516099,3.631520174568238,1.5223443254675415,0.00850818980677817,0.034483454786371624,1500,0.9571905553844148,0.00020187035339635473,0.00015580126907948442,3.11763027822273e-05,0.27536677532540293,0.6568816155917161,117.53381420843901,28.99941453648127,2.447562862147273,2.443945848762665,2.4458483343598236,2.4454911333572342,2.4366408717150487,2.4098861796316178,2.4474447701875763,2.447426058625673,26609897.439686727,1190102.5603132695,979.2642045673597,46.34125658378224,4131.567717276194,0.0,2564.425987879946,0.0,0.0,0.0,149951.2376225685,7096.071463975542,632652.2399547183,0.0,392681.41210569994,0.0,0.0,0.0
31,1650267518,0.9638863413251905,0.9974628570719859,0.876052360874788,0.9757692670873815,0,1,0,1,0,0,0,0,0,0,0,0,0,0,0,0,0,0,0,0,0,0.5,27799999.999999996,1500,0.03914342149850195,0.0365833953765513,0.9634166046234487,"[0.09836503907852956, 0.0025884796282253106, 0.5894964715413228, 0, 0.3095500097519223, 0, 0, 0]",0.8,0.2,0.0,0,0,0,0,0,"[0.8, 0.2, 0.0, 0, 0, 0, 0, 0]",0.09836503907852956,0.0025884796282253106,0.5894964715413228,0,0.3095500097519223,0,0,0,2.4017197346786765,1,0.9527715240611566,0.953756350396002,0.933777883569169,0.9307856051267124,0.8738388379169216,0.8825564500317341,0.736534026743874,0.3547124793322325,0.4728130527493293,0.11147096074965811,0.47153075057871674,0.20136941312968695,0.4755351352864674,0.15880131208138262,0.22808599156509135,8.671487977538108,8.470121456782849,8.615028809955984,11.126279262571934,12.506263511461501,12.349600552811797,12.804288789350474,7.4660451229904465,1.0,0.9999807810744625,0.993575918605554,0.9999037934084206,0.9948073753153226,0.9996900870597716,0.9851612287139998,0.9952372822644667,-4.5841983574995435,-4.8501799830314605,-3.8476313761019436,0.6301876694741358,2.563734872505816,1.9074312673655092,0.03446665053749978,0.037688848912117594,1500,0.9608565785014981,2.60496350019052e-05,1.411952273276166e-05,0.00014202625118505711,0.39005593391277293,0.5242652865710711,29.013553229142417,26.533047011644957,2.4017197346786765,2.401673576205934,2.3862908916164534,2.401488673409074,2.389248505498707,2.4009754106540977,2.3660811648427065,2.3902810215025423,26711812.882341642,1088187.117658354,3915.8708500011053,103.04628572248126,23467.60668944859,0.0,12323.055743793142,0.0,0.0,0.0,103123.69750321534,2713.7039000333875,618014.8595468734,0.0,324525.2771392666,0.0,0.0,0.0
