Simulation Time,In: S,"In: I Symp-CIP-S, TET-S, CRO-S","In: I Symp-CIP-NS, TET-S, CRO-S","In: I Symp-CIP-S, TET-NS, CRO-S","In: I Symp-CIP-S, TET-S, CRO-NS","In: I Symp-CIP-NS, TET-NS, CRO-S","In: I Symp-CIP-NS, TET-S, CRO-NS","In: I Symp-CIP-S, TET-NS, CRO-NS","In: I Symp-CIP-NS, TET-NS, CRO-NS","In: I Asym-CIP-S, TET-S, CRO-S","In: I Asym-CIP-NS, TET-S, CRO-S","In: I Asym-CIP-S, TET-NS, CRO-S","In: I Asym-CIP-S, TET-S, CRO-NS","In: I Asym-CIP-NS, TET-NS, CRO-S","In: I Asym-CIP-NS, TET-S, CRO-NS","In: I Asym-CIP-S, TET-NS, CRO-NS","In: I Asym-CIP-NS, TET-NS, CRO-NS","In: F Symp-CIP-S, TET-S, CRO-S","In: F Symp-CIP-NS, TET-S, CRO-S","In: F Symp-CIP-S, TET-NS, CRO-S","In: F Symp-CIP-S, TET-S, CRO-NS","In: F Symp-CIP-NS, TET-NS, CRO-S","In: F Symp-CIP-NS, TET-S, CRO-NS","In: F Symp-CIP-S, TET-NS, CRO-NS","In: F Symp-CIP-NS, TET-NS, CRO-NS","In: F Asym-CIP-S, TET-S, CRO-S","In: F Asym-CIP-NS, TET-S, CRO-S","In: F Asym-CIP-S, TET-NS, CRO-S","In: F Asym-CIP-S, TET-S, CRO-NS","In: F Asym-CIP-NS, TET-NS, CRO-S","In: F Asym-CIP-NS, TET-S, CRO-NS","In: F Asym-CIP-S, TET-NS, CRO-NS","In: F Asym-CIP-NS, TET-NS, CRO-NS",Population size,Infected,Prevalence,Simulation Period,"To: If will receive a rapid test | Symp-CIP-S, TET-S, CRO-S","To: If will receive a rapid test | Symp-CIP-NS, TET-S, CRO-S","To: If will receive a rapid test | Symp-CIP-S, TET-NS, CRO-S","To: If will receive a rapid test | Symp-CIP-S, TET-S, CRO-NS","To: If will receive a rapid test | Symp-CIP-NS, TET-NS, CRO-S","To: If will receive a rapid test | Symp-CIP-NS, TET-S, CRO-NS","To: If will receive a rapid test | Symp-CIP-S, TET-NS, CRO-NS","To: If will receive a rapid test | Symp-CIP-NS, TET-NS, CRO-NS","To: If will receive a rapid test | Asym-CIP-S, TET-S, CRO-S","To: If will receive a rapid test | Asym-CIP-NS, TET-S, CRO-S","To: If will receive a rapid test | Asym-CIP-S, TET-NS, CRO-S","To: If will receive a rapid test | Asym-CIP-S, TET-S, CRO-NS","To: If will receive a rapid test | Asym-CIP-NS, TET-NS, CRO-S","To: If will receive a rapid test | Asym-CIP-NS, TET-S, CRO-NS","To: If will receive a rapid test | Asym-CIP-S, TET-NS, CRO-NS","To: If will receive a rapid test | Asym-CIP-NS, TET-NS, CRO-NS","To: Result of CIP test | Symp-CIP-S, TET-S, CRO-S","To: Result of CIP test | Symp-CIP-NS, TET-S, CRO-S","To: Result of CIP test | Symp-CIP-S, TET-NS, CRO-S","To: Result of CIP test | Symp-CIP-S, TET-S, CRO-NS","To: Result of CIP test | Symp-CIP-NS, TET-NS, CRO-S","To: Result of CIP test | Symp-CIP-NS, TET-S, CRO-NS","To: Result of CIP test | Symp-CIP-S, TET-NS, CRO-NS","To: Result of CIP test | Symp-CIP-NS, TET-NS, CRO-NS","To: Result of CIP test | Asym-CIP-S, TET-S, CRO-S","To: Result of CIP test | Asym-CIP-NS, TET-S, CRO-S","To: Result of CIP test | Asym-CIP-S, TET-NS, CRO-S","To: Result of CIP test | Asym-CIP-S, TET-S, CRO-NS","To: Result of CIP test | Asym-CIP-NS, TET-NS, CRO-S","To: Result of CIP test | Asym-CIP-NS, TET-S, CRO-NS","To: Result of CIP test | Asym-CIP-S, TET-NS, CRO-NS","To: Result of CIP test | Asym-CIP-NS, TET-NS, CRO-NS","To: Result of TET test after CIP test returned positive | Symp-CIP-S, TET-S, CRO-S","To: Result of TET test after CIP test returned positive | Symp-CIP-NS, TET-S, CRO-S","To: Result of TET test after CIP test returned positive | Symp-CIP-S, TET-NS, CRO-S","To: Result of TET test after CIP test returned positive | Symp-CIP-S, TET-S, CRO-NS","To: Result of TET test after CIP test returned positive | Symp-CIP-NS, TET-NS, CRO-S","To: Result of TET test after CIP test returned positive | Symp-CIP-NS, TET-S, CRO-NS","To: Result of TET test after CIP test returned positive | Symp-CIP-S, TET-NS, CRO-NS","To: Result of TET test after CIP test returned positive | Symp-CIP-NS, TET-NS, CRO-NS","To: Result of TET test after CIP test returned positive | Asym-CIP-S, TET-S, CRO-S","To: Result of TET test after CIP test returned positive | Asym-CIP-NS, TET-S, CRO-S","To: Result of TET test after CIP test returned positive | Asym-CIP-S, TET-NS, CRO-S","To: Result of TET test after CIP test returned positive | Asym-CIP-S, TET-S, CRO-NS","To: Result of TET test after CIP test returned positive | Asym-CIP-NS, TET-NS, CRO-S","To: Result of TET test after CIP test returned positive | Asym-CIP-NS, TET-S, CRO-NS","To: Result of TET test after CIP test returned positive | Asym-CIP-S, TET-NS, CRO-NS","To: Result of TET test after CIP test returned positive | Asym-CIP-NS, TET-NS, CRO-NS","To: Result of TET test after CIP test returned negative | Symp-CIP-S, TET-S, CRO-S","To: Result of TET test after CIP test returned negative | Symp-CIP-NS, TET-S, CRO-S","To: Result of TET test after CIP test returned negative | Symp-CIP-S, TET-NS, CRO-S","To: Result of TET test after CIP test returned negative | Symp-CIP-S, TET-S, CRO-NS","To: Result of TET test after CIP test returned negative | Symp-CIP-NS, TET-NS, CRO-S","To: Result of TET test after CIP test returned negative | Symp-CIP-NS, TET-S, CRO-NS","To: Result of TET test after CIP test returned negative | Symp-CIP-S, TET-NS, CRO-NS","To: Result of TET test after CIP test returned negative | Symp-CIP-NS, TET-NS, CRO-NS","To: Result of TET test after CIP test returned negative | Asym-CIP-S, TET-S, CRO-S","To: Result of TET test after CIP test returned negative | Asym-CIP-NS, TET-S, CRO-S","To: Result of TET test after CIP test returned negative | Asym-CIP-S, TET-NS, CRO-S","To: Result of TET test after CIP test returned negative | Asym-CIP-S, TET-S, CRO-NS","To: Result of TET test after CIP test returned negative | Asym-CIP-NS, TET-NS, CRO-S","To: Result of TET test after CIP test returned negative | Asym-CIP-NS, TET-S, CRO-NS","To: Result of TET test after CIP test returned negative | Asym-CIP-S, TET-NS, CRO-NS","To: Result of TET test after CIP test returned negative | Asym-CIP-NS, TET-NS, CRO-NS","To: If Tx-CIP if test susceptible to CIP and TET | Symp-CIP-S, TET-S, CRO-S","To: If Tx-CIP if test susceptible to CIP and TET | Symp-CIP-NS, TET-S, CRO-S","To: If Tx-CIP if test susceptible to CIP and TET | Symp-CIP-S, TET-NS, CRO-S","To: If Tx-CIP if test susceptible to CIP and TET | Symp-CIP-S, TET-S, CRO-NS","To: If Tx-CIP if test susceptible to CIP and TET | Symp-CIP-NS, TET-NS, CRO-S","To: If Tx-CIP if test susceptible to CIP and TET | Symp-CIP-NS, TET-S, CRO-NS","To: If Tx-CIP if test susceptible to CIP and TET | Symp-CIP-S, TET-NS, CRO-NS","To: If Tx-CIP if test susceptible to CIP and TET | Symp-CIP-NS, TET-NS, CRO-NS","To: If Tx-CIP if test susceptible to CIP and TET | Asym-CIP-S, TET-S, CRO-S","To: If Tx-CIP if test susceptible to CIP and TET | Asym-CIP-NS, TET-S, CRO-S","To: If Tx-CIP if test susceptible to CIP and TET | Asym-CIP-S, TET-NS, CRO-S","To: If Tx-CIP if test susceptible to CIP and TET | Asym-CIP-S, TET-S, CRO-NS","To: If Tx-CIP if test susceptible to CIP and TET | Asym-CIP-NS, TET-NS, CRO-S","To: If Tx-CIP if test susceptible to CIP and TET | Asym-CIP-NS, TET-S, CRO-NS","To: If Tx-CIP if test susceptible to CIP and TET | Asym-CIP-S, TET-NS, CRO-NS","To: If Tx-CIP if test susceptible to CIP and TET | Asym-CIP-NS, TET-NS, CRO-NS","To: Outcome of Tx-CIP in Symp-CIP-S, TET-S, CRO-S","To: Outcome of Tx-TET in Symp-CIP-S, TET-S, CRO-S","To: Outcome of Tx-CRO in Symp-CIP-S, TET-S, CRO-S","To: Outcome of Tx-CIP in Symp-CIP-NS, TET-S, CRO-S","To: Outcome of Tx-TET in Symp-CIP-NS, TET-S, CRO-S","To: Outcome of Tx-CRO in Symp-CIP-NS, TET-S, CRO-S","To: Outcome of Tx-CIP in Symp-CIP-S, TET-NS, CRO-S","To: Outcome of Tx-TET in Symp-CIP-S, TET-NS, CRO-S","To: Outcome of Tx-CRO in Symp-CIP-S, TET-NS, CRO-S","To: Outcome of Tx-CIP in Symp-CIP-S, TET-S, CRO-NS","To: Outcome of Tx-TET in Symp-CIP-S, TET-S, CRO-NS","To: Outcome of Tx-CRO in Symp-CIP-S, TET-S, CRO-NS","To: Outcome of Tx-CIP in Symp-CIP-NS, TET-NS, CRO-S","To: Outcome of Tx-TET in Symp-CIP-NS, TET-NS, CRO-S","To: Outcome of Tx-CRO in Symp-CIP-NS, TET-NS, CRO-S","To: Outcome of Tx-CIP in Symp-CIP-NS, TET-S, CRO-NS","To: Outcome of Tx-TET in Symp-CIP-NS, TET-S, CRO-NS","To: Outcome of Tx-CRO in Symp-CIP-NS, TET-S, CRO-NS","To: Outcome of Tx-CIP in Symp-CIP-S, TET-NS, CRO-NS","To: Outcome of Tx-TET in Symp-CIP-S, TET-NS, CRO-NS","To: Outcome of Tx-CRO in Symp-CIP-S, TET-NS, CRO-NS","To: Outcome of Tx-CIP in Symp-CIP-NS, TET-NS, CRO-NS","To: Outcome of Tx-TET in Symp-CIP-NS, TET-NS, CRO-NS","To: Outcome of Tx-CRO in Symp-CIP-NS, TET-NS, CRO-NS","To: Outcome of Tx-CIP in Asym-CIP-S, TET-S, CRO-S","To: Outcome of Tx-TET in Asym-CIP-S, TET-S, CRO-S","To: Outcome of Tx-CRO in Asym-CIP-S, TET-S, CRO-S","To: Outcome of Tx-CIP in Asym-CIP-NS, TET-S, CRO-S","To: Outcome of Tx-TET in Asym-CIP-NS, TET-S, CRO-S","To: Outcome of Tx-CRO in Asym-CIP-NS, TET-S, CRO-S","To: Outcome of Tx-CIP in Asym-CIP-S, TET-NS, CRO-S","To: Outcome of Tx-TET in Asym-CIP-S, TET-NS, CRO-S","To: Outcome of Tx-CRO in Asym-CIP-S, TET-NS, CRO-S","To: Outcome of Tx-CIP in Asym-CIP-S, TET-S, CRO-NS","To: Outcome of Tx-TET in Asym-CIP-S, TET-S, CRO-NS","To: Outcome of Tx-CRO in Asym-CIP-S, TET-S, CRO-NS","To: Outcome of Tx-CIP in Asym-CIP-NS, TET-NS, CRO-S","To: Outcome of Tx-TET in Asym-CIP-NS, TET-NS, CRO-S","To: Outcome of Tx-CRO in Asym-CIP-NS, TET-NS, CRO-S","To: Outcome of Tx-CIP in Asym-CIP-NS, TET-S, CRO-NS","To: Outcome of Tx-TET in Asym-CIP-NS, TET-S, CRO-NS","To: Outcome of Tx-CRO in Asym-CIP-NS, TET-S, CRO-NS","To: Outcome of Tx-CIP in Asym-CIP-S, TET-NS, CRO-NS","To: Outcome of Tx-TET in Asym-CIP-S, TET-NS, CRO-NS","To: Outcome of Tx-CRO in Asym-CIP-S, TET-NS, CRO-NS","To: Outcome of Tx-CIP in Asym-CIP-NS, TET-NS, CRO-NS","To: Outcome of Tx-TET in Asym-CIP-NS, TET-NS, CRO-NS","To: Outcome of Tx-CRO in Asym-CIP-NS, TET-NS, CRO-NS","To: If re-tx after ineff tx/rest dev in Symp-CIP-S, TET-S, CRO-S","To: If re-tx after ineff tx/rest dev in Symp-CIP-NS, TET-S, CRO-S","To: If re-tx after ineff tx/rest dev in Symp-CIP-S, TET-NS, CRO-S","To: If re-tx after ineff tx/rest dev in Symp-CIP-S, TET-S, CRO-NS","To: If re-tx after ineff tx/rest dev in Symp-CIP-NS, TET-NS, CRO-S","To: If re-tx after ineff tx/rest dev in Symp-CIP-NS, TET-S, CRO-NS","To: If re-tx after ineff tx/rest dev in Symp-CIP-S, TET-NS, CRO-NS","To: If re-tx after ineff tx/rest dev in Symp-CIP-NS, TET-NS, CRO-NS","To: If re-tx after ineff tx/rest dev in Asym-CIP-S, TET-S, CRO-S","To: If re-tx after ineff tx/rest dev in Asym-CIP-NS, TET-S, CRO-S","To: If re-tx after ineff tx/rest dev in Asym-CIP-S, TET-NS, CRO-S","To: If re-tx after ineff tx/rest dev in Asym-CIP-S, TET-S, CRO-NS","To: If re-tx after ineff tx/rest dev in Asym-CIP-NS, TET-NS, CRO-S","To: If re-tx after ineff tx/rest dev in Asym-CIP-NS, TET-S, CRO-NS","To: If re-tx after ineff tx/rest dev in Asym-CIP-S, TET-NS, CRO-NS","To: If re-tx after ineff tx/rest dev in Asym-CIP-NS, TET-NS, CRO-NS","To: If symp after developing resistance to CIP-S, TET-S, CRO-S","To: If symp after developing resistance to CIP-NS, TET-S, CRO-S","To: If symp after developing resistance to CIP-S, TET-NS, CRO-S","To: If symp after developing resistance to CIP-S, TET-S, CRO-NS","To: If symp after developing resistance to CIP-NS, TET-NS, CRO-S","To: If symp after developing resistance to CIP-NS, TET-S, CRO-NS","To: If symp after developing resistance to CIP-S, TET-NS, CRO-NS","To: If symp after developing resistance to CIP-NS, TET-NS, CRO-NS","To: If resistance after re-tx with CRO in Symp-CIP-S, TET-S, CRO-S","To: If resistance after re-tx with CRO in Symp-CIP-NS, TET-S, CRO-S","To: If resistance after re-tx with CRO in Symp-CIP-S, TET-NS, CRO-S","To: If treatment failure after re-tx with CRO in Symp-CIP-S, TET-S, CRO-NS","To: If resistance after re-tx with CRO in Symp-CIP-NS, TET-NS, CRO-S","To: If treatment failure after re-tx with CRO in Symp-CIP-NS, TET-S, CRO-NS","To: If treatment failure after re-tx with CRO in Symp-CIP-S, TET-NS, CRO-NS","To: If treatment failure after re-tx with CRO in Symp-CIP-NS, TET-NS, CRO-NS","To: If resistance after re-tx with CRO in Asym-CIP-S, TET-S, CRO-S","To: If resistance after re-tx with CRO in Asym-CIP-NS, TET-S, CRO-S","To: If resistance after re-tx with CRO in Asym-CIP-S, TET-NS, CRO-S","To: If treatment failure after re-tx with CRO in Asym-CIP-S, TET-S, CRO-NS","To: If resistance after re-tx with CRO in Asym-CIP-NS, TET-NS, CRO-S","To: If treatment failure after re-tx with CRO in Asym-CIP-NS, TET-S, CRO-NS","To: If treatment failure after re-tx with CRO in Asym-CIP-S, TET-NS, CRO-NS","To: If treatment failure after re-tx with CRO in Asym-CIP-NS, TET-NS, CRO-NS",To: Counting success tx with CIP,To: Counting success tx with TET,To: Counting success tx with CRO,"To: 1st-Tx with M | Symp-CIP-S, TET-S, CRO-S","To: 1st-Tx with M | Symp-CIP-NS, TET-S, CRO-S","To: 1st-Tx with M | Symp-CIP-S, TET-NS, CRO-S","To: 1st-Tx with M | Symp-CIP-S, TET-S, CRO-NS","To: 1st-Tx with M | Symp-CIP-NS, TET-NS, CRO-S","To: 1st-Tx with M | Symp-CIP-NS, TET-S, CRO-NS","To: 1st-Tx with M | Symp-CIP-S, TET-NS, CRO-NS","To: 1st-Tx with M | Symp-CIP-NS, TET-NS, CRO-NS","To: 1st-Tx with M | Asym-CIP-S, TET-S, CRO-S","To: 1st-Tx with M | Asym-CIP-NS, TET-S, CRO-S","To: 1st-Tx with M | Asym-CIP-S, TET-NS, CRO-S","To: 1st-Tx with M | Asym-CIP-S, TET-S, CRO-NS","To: 1st-Tx with M | Asym-CIP-NS, TET-NS, CRO-S","To: 1st-Tx with M | Asym-CIP-NS, TET-S, CRO-NS","To: 1st-Tx with M | Asym-CIP-S, TET-NS, CRO-NS","To: 1st-Tx with M | Asym-CIP-NS, TET-NS, CRO-NS","To: Successful Tx with CIP, TET, or CRO",To: Tx with M,To: 1st-Tx with M,New cases,Cases CRO-NS,New cases symptomatic,Cases treated,"Treated with CIP, TET, or CRO","Cases resistant to CIP-S, TET-S, CRO-S","Cases resistant to CIP-NS, TET-S, CRO-S","Cases resistant to CIP-S, TET-NS, CRO-S","Cases resistant to CIP-S, TET-S, CRO-NS","Cases resistant to CIP-NS, TET-NS, CRO-S","Cases resistant to CIP-NS, TET-S, CRO-NS","Cases resistant to CIP-S, TET-NS, CRO-NS","Cases resistant to CIP-NS, TET-NS, CRO-NS",Rate of gonorrhea cases,Proportion of cases CRO-NS,Proportion of cases symptomatic,"Proportion of cases treated with CIP, TET, or CRO","Proportion of cases resistant to CIP-S, TET-S, CRO-S","Proportion of cases resistant to CIP-NS, TET-S, CRO-S","Proportion of cases resistant to CIP-S, TET-NS, CRO-S","Proportion of cases resistant to CIP-S, TET-S, CRO-NS","Proportion of cases resistant to CIP-NS, TET-NS, CRO-S","Proportion of cases resistant to CIP-NS, TET-S, CRO-NS","Proportion of cases resistant to CIP-S, TET-NS, CRO-NS","Proportion of cases resistant to CIP-NS, TET-NS, CRO-NS",Interventions,Observation Time,Obs: Population size,Obs: Infected,Obs: Prevalence,Observation Period,Obs: New cases,Obs: Cases CRO-NS,Obs: New cases symptomatic,Obs: Cases treated,"Obs: Treated with CIP, TET, or CRO","Obs: Cases resistant to CIP-S, TET-S, CRO-S","Obs: Cases resistant to CIP-NS, TET-S, CRO-S","Obs: Cases resistant to CIP-S, TET-NS, CRO-S","Obs: Cases resistant to CIP-S, TET-S, CRO-NS","Obs: Cases resistant to CIP-NS, TET-NS, CRO-S","Obs: Cases resistant to CIP-NS, TET-S, CRO-NS","Obs: Cases resistant to CIP-S, TET-NS, CRO-NS","Obs: Cases resistant to CIP-NS, TET-NS, CRO-NS",Obs: Rate of gonorrhea cases,Obs: Proportion of cases CRO-NS,Obs: Proportion of cases symptomatic,"Obs: Proportion of cases treated with CIP, TET, or CRO","Obs: Proportion of cases resistant to CIP-S, TET-S, CRO-S","Obs: Proportion of cases resistant to CIP-NS, TET-S, CRO-S","Obs: Proportion of cases resistant to CIP-S, TET-NS, CRO-S","Obs: Proportion of cases resistant to CIP-S, TET-S, CRO-NS","Obs: Proportion of cases resistant to CIP-NS, TET-NS, CRO-S","Obs: Proportion of cases resistant to CIP-NS, TET-S, CRO-NS","Obs: Proportion of cases resistant to CIP-S, TET-NS, CRO-NS","Obs: Proportion of cases resistant to CIP-NS, TET-NS, CRO-NS",Obs: Interventions
0.0,26726410,723,19,3675,0,2499,0,0,0,111510,3028,566755,0,385377,0,0,0,0,0,0,0,0,0,0,0,0,0,0,0,0,0,0,0,27799996,1073586,0.038618206995425466,0,,,,,,,,,,,,,,,,,,,,,,,,,,,,,,,,,,,,,,,,,,,,,,,,,,,,,,,,,,,,,,,,,,,,,,,,,,,,,,,,,,,,,,,,,,,,,,,,,,,,,,,,,,,,,,,,,,,,,,,,,,,,,,,,,,,,,,,,,,,,,,,,,,,,,,,,,,,,,,,,,,,,,,,,,,,,,,,,,,,,,,,,,,,,,,,,,,,,,,,,,,,,,,,,,,,,,,,,"[1, 0]",0.0,27799996,1073586,0.038618206995425466,1,,,,,,,,,,,,,,,,,,,,,,,,,,"[1, 0]"
1.0,26683442,4488,132,22020,0,14970,0,0,1,112877,3099,569537,4,389377,0,24,19,0,0,0,1,0,0,4,1,0,0,0,0,0,0,0,0,27799996,1116554,0.04016381872860701,1,109240,2894,550329,0,377648,0,7,10,60287,1615,306071,0,208639,0,8,6,0,0,0,0,0,0,0,0,0,0,0,0,0,0,0,0,0,0,0,0,0,0,0,0,0,0,0,0,0,0,0,0,0,0,0,0,0,0,0,0,0,0,0,0,0,0,0,0,0,0,0,0,0,0,0,0,0,0,0,0,0,0,0,0,0,0,109240,0,0,2894,0,0,550329,0,0,0,0,0,377648,0,0,0,0,0,7,0,0,10,0,0,60287,0,0,1615,0,0,306071,0,0,0,0,0,208639,0,0,0,0,0,8,0,0,6,0,0,0,11,0,0,81,59,0,0,0,5,0,0,14,13,0,0,0,7,0,0,31,23,0,0,0,0,0,0,0,0,0,0,0,0,0,0,0,0,0,0,1616557,0,0,0,0,0,0,0,0,0,0,0,0,0,0,0,0,1616557,145,0,1616754,31,1040128,1616702,1616557,169527,4509,856400,0,586287,0,15,16,0.05815662707289598,1.9174221928629834e-05,0.6433433905219965,0.9999103112385584,0.10485639744822033,0.0027889215056836106,0.5297033438605997,0.0,0.36263216296356776,0.0,9.277849320304759e-06,9.896372608325076e-06,"[1, 0]",1.0,27799996,1116554,0.04016381872860701,2,1616754,31,1040128,1616702,1616557,169527,4509,856400,0,586287,0,15,16,0.05815662707289598,1.7627893177770903e-05,0.6433433905219965,0.9999103112385584,0.10884887846513269,0.0024116083752788284,0.5226537943669959,0.0,0.3634495386665973,0.0,4.9607608290843614e-05,-3.3948009542001776e-06,"[1, 0]"
2.0,26673287,4440,123,22192,0,15268,0,2,0,113844,2983,574424,13,393269,0,70,68,0,0,0,0,0,0,8,5,0,0,0,0,0,0,0,0,27799996,1126709,0.040529106550950586,2,114166,3056,573907,10,394201,0,41,33,61016,1646,307821,4,211256,0,16,19,0,0,0,0,0,0,0,0,0,0,0,0,0,0,0,0,0,0,0,0,0,0,0,0,0,0,0,0,0,0,0,0,0,0,0,0,0,0,0,0,0,0,0,0,0,0,0,0,0,0,0,0,0,0,0,0,0,0,0,0,0,0,0,0,0,0,114166,0,0,3056,0,0,573907,0,0,10,0,0,394201,0,0,0,0,0,41,0,0,33,0,0,61016,0,0,1646,0,0,307821,0,0,4,0,0,211256,0,0,0,0,0,16,0,0,19,0,0,0,21,0,0,112,91,0,0,0,6,0,0,12,13,0,0,0,7,0,0,31,21,0,0,0,0,0,0,0,0,0,0,0,0,0,0,0,0,0,0,1666898,0,0,0,0,0,0,0,0,0,0,0,0,0,0,0,0,1666898,217,0,1667192,123,1085414,1667115,1666898,175182,4702,881728,14,605457,0,57,52,0.05997094388071135,7.37767455697964e-05,0.6510431911861382,0.9998698350143811,0.10507608001957783,0.002820311037960835,0.5288701001444345,8.397353154285769e-06,0.36315973205245705,0.0,3.418922355673492e-05,3.1190168858775715e-05,"[1, 0]",2.0,27799996,1126709,0.040529106550950586,3,1667192,123,1085414,1667115,1666898,175182,4702,881728,14,605457,0,57,52,0.05997094388071135,0.0001088264954691182,0.6510431911861382,0.9998698350143811,0.08735985601477443,0.0030722222264156,0.5301357791528015,3.717066687887695e-05,0.3652506939210433,0.0,9.53153461695448e-08,7.23460315009581e-05,"[1, 0]"
3.0,26664388,4447,105,22240,2,15299,0,5,7,115985,2968,576769,30,397449,0,133,150,0,0,0,2,0,0,9,8,0,0,0,0,0,0,0,0,27799996,1135608,0.04084921451067835,3,116212,2967,576503,25,397512,0,76,93,61852,1616,311187,4,213165,0,51,49,0,0,0,0,0,0,0,0,0,0,0,0,0,0,0,0,0,0,0,0,0,0,0,0,0,0,0,0,0,0,0,0,0,0,0,0,0,0,0,0,0,0,0,0,0,0,0,0,0,0,0,0,0,0,0,0,0,0,0,0,0,0,0,0,0,0,116212,0,0,2967,0,0,576503,0,0,25,0,0,397512,0,0,0,0,0,76,0,0,93,0,0,61852,0,0,1616,0,0,311187,0,0,4,0,0,213165,0,0,0,0,0,51,0,0,49,0,0,0,37,0,1,143,138,0,0,0,3,0,0,16,10,0,0,0,6,0,1,35,19,0,0,0,0,0,0,0,0,0,0,0,0,0,0,0,0,0,0,1680860,0,0,0,0,0,0,0,0,0,0,0,0,0,0,0,0,1680860,313,0,1681312,298,1093388,1681173,1680860,178064,4583,887690,29,610677,0,127,142,0.060478857622857214,0.00017724253440170532,0.6503183228335966,0.9998138204693985,0.10590776726746731,0.002725847433432938,0.5279745817552007,1.7248434555870652e-05,0.36321456100949734,0.0,7.553624788260596e-05,8.445785196322872e-05,"[1, 0]",3.0,27799996,1135608,0.04084921451067835,4,1681312,298,1093388,1681173,1680860,178064,4583,887690,29,610677,0,127,142,0.060478857622857214,0.000352289338896275,0.6503183228335966,0.9998138204693985,0.11543037302029105,0.0026276050995198644,0.5296904462874521,0.00013312096966535411,0.3398055293794474,0.0,0.0003302881342186593,0.00045624462694844777,"[1, 0]"
4.0,26654918,4636,117,22189,2,15632,0,5,7,116786,2910,579581,44,402599,0,273,261,0,0,0,4,0,0,19,13,0,0,0,0,0,0,0,0,27799996,1145078,0.04118986204170677,4,117824,2896,580557,39,401801,0,200,211,63181,1603,312447,14,214600,0,93,85,0,0,0,0,0,0,0,0,0,0,0,0,0,0,0,0,0,0,0,0,0,0,0,0,0,0,0,0,0,0,0,0,0,0,0,0,0,0,0,0,0,0,0,0,0,0,0,0,0,0,0,0,0,0,0,0,0,0,0,0,0,0,0,0,0,0,117824,0,0,2896,0,0,580557,0,0,39,0,0,401801,0,0,0,0,0,200,0,0,211,0,0,63181,0,0,1603,0,0,312447,0,0,14,0,0,214600,0,0,0,0,0,93,0,0,85,0,0,0,49,0,1,277,259,0,0,0,1,0,0,22,13,0,0,0,5,0,1,30,29,0,0,0,0,0,0,0,0,0,0,0,0,0,0,0,0,0,0,1694737,0,0,0,0,0,0,0,0,0,0,0,0,0,0,0,0,1694737,569,0,1695551,642,1103528,1695306,1694737,181005,4499,893004,53,616401,0,293,296,0.06099105194115855,0.0003786379766813266,0.650837397400609,0.9996643673767449,0.10675290805171889,0.0026534147306686733,0.5266748095456875,3.125827533350515e-05,0.36354022969524363,0.0,0.00017280518250409454,0.00017457451884372692,"[1, 0]",4.0,27799996,1145078,0.04118986204170677,5,1695551,642,1103528,1695306,1694737,181005,4499,893004,53,616401,0,293,296,0.06099105194115855,0.0010906351209041879,0.650837397400609,0.9996643673767449,0.10787754560005235,0.0023884776015798996,0.5292297602144433,6.13818272042992e-05,0.3809199209632834,0.0,3.0044791328399467e-05,0.0001393763520468489,"[1, 0]"
5.0,26647323,4615,102,22379,4,15621,0,11,20,118564,2868,581679,74,405735,0,487,458,0,0,0,8,0,0,26,22,0,0,0,0,0,0,0,0,27799996,1152673,0.041463063519865256,5,118874,2812,581042,49,406828,0,362,314,63172,1590,314527,28,217725,0,197,168,0,0,0,0,0,0,0,0,0,0,0,0,0,0,0,0,0,0,0,0,0,0,0,0,0,0,0,0,0,0,0,0,0,0,0,0,0,0,0,0,0,0,0,0,0,0,0,0,0,0,0,0,0,0,0,0,0,0,0,0,0,0,0,0,0,0,118874,0,0,2812,0,0,581042,0,0,49,0,0,406828,0,0,0,0,0,362,0,0,314,0,0,63172,0,0,1590,0,0,314527,0,0,28,0,0,217725,0,0,0,0,0,197,0,0,168,0,0,0,69,0,0,432,372,0,0,0,6,0,0,18,13,0,0,0,12,0,0,37,33,0,0,0,0,0,0,0,0,0,0,0,0,0,0,0,0,0,0,1706385,0,0,0,0,0,0,0,0,0,0,0,0,0,0,0,0,1706385,853,0,1707688,1118,1110281,1707238,1706385,182046,4402,895569,77,624553,0,559,482,0.06142763473778917,0.0006546863361457129,0.6501661896084062,0.9995003625739353,0.10660378242395567,0.0025777542501909012,0.5244336201929158,4.50902038311448e-05,0.36573015679679194,0.0,0.0003273431680728564,0.0002822529642417116,"[1, 0]",5.0,27799996,1152673,0.041463063519865256,6,1707688,1118,1110281,1707238,1706385,182046,4402,895569,77,624553,0,559,482,0.06142763473778917,0.001482986631251803,0.6501661896084062,0.9995003625739353,0.09553658723186871,0.0018200879445994483,0.5087507052823452,0.00028521243706436817,0.35805881327674377,0.0,0.00026815576494071684,0.0004609608055406812,"[1, 0]"
6.0,26637742,4700,106,22545,1,15892,0,22,32,119828,2953,585593,154,408784,0,750,823,0,0,0,7,0,0,27,37,0,0,0,0,0,0,0,0,27799996,1162254,0.04180770385722358,6,119632,2961,582261,116,409376,0,545,648,64136,1554,314631,61,220451,0,327,322,0,0,0,0,0,0,0,0,0,0,0,0,0,0,0,0,0,0,0,0,0,0,0,0,0,0,0,0,0,0,0,0,0,0,0,0,0,0,0,0,0,0,0,0,0,0,0,0,0,0,0,0,0,0,0,0,0,0,0,0,0,0,0,0,0,0,119632,0,0,2961,0,0,582261,0,0,116,0,0,409376,0,0,0,0,0,545,0,0,648,0,0,64136,0,0,1554,0,0,314631,0,0,61,0,0,220451,0,0,0,0,0,327,0,0,322,0,0,0,133,0,0,613,702,0,0,0,2,0,0,8,8,0,0,0,9,0,0,24,19,0,0,0,0,0,0,0,0,0,0,0,0,0,0,0,0,0,0,1714845,0,0,0,0,0,0,0,0,0,0,0,0,0,0,0,0,1714845,1433,0,1717021,2019,1115539,1716278,1714845,183768,4515,896892,177,629827,0,872,970,0.06176335421055456,0.0011758737953700043,0.6496944417103809,0.9991650536801148,0.1070272291369762,0.002629554326941837,0.5223535413952421,0.00010308551846482949,0.36681380134546987,0.0,0.0005078563395555442,0.0005649319373496306,"[1, 0]",6.0,27799996,1162254,0.04180770385722358,7,1717021,2019,1115539,1716278,1714845,183768,4515,896892,177,629827,0,872,970,0.06176335421055456,0.00033291393562738037,0.6496944417103809,0.9991650536801148,0.11772773989196615,0.0027519095132405662,0.5325151281416568,-0.00017519117770914742,0.35651081871825124,0.0,0.0005512983649892365,-0.00023656092885483357,"[1, 0]"
7.0,26627891,4547,99,22784,8,16089,0,28,54,120998,2869,588862,259,412856,0,1185,1356,0,0,0,12,0,1,45,53,0,0,0,0,0,0,0,0,27799996,1172105,0.042162056426195166,7,121434,2971,586255,202,412676,0,802,1054,64995,1605,315939,129,221263,0,527,550,0,0,0,0,0,0,0,0,0,0,0,0,0,0,0,0,0,0,0,0,0,0,0,0,0,0,0,0,0,0,0,0,0,0,0,0,0,0,0,0,0,0,0,0,0,0,0,0,0,0,0,0,0,0,0,0,0,0,0,0,0,0,0,0,0,0,121434,0,0,2971,0,0,586255,0,0,202,0,0,412676,0,0,0,0,0,802,0,0,1054,0,0,64995,0,0,1605,0,0,315939,0,0,129,0,0,221263,0,0,0,0,0,527,0,0,550,0,0,0,216,0,1,880,1118,0,0,0,3,0,0,15,10,0,0,0,6,0,1,35,29,0,0,0,0,0,0,0,0,0,0,0,0,0,0,0,0,0,0,1726953,0,0,0,0,0,0,0,0,0,0,0,0,0,0,0,0,1726953,2175,0,1730402,3264,1125394,1729128,1726953,186429,4576,902194,331,633939,0,1329,1604,0.06224468521506262,0.0018862668905838065,0.6503656375801692,0.9987421405471428,0.10773739281392417,0.0026444722093478855,0.5213782693270119,0.00019128503087721812,0.36635359875913226,0.0,0.0007680296254858697,0.0009269522342207187,"[1, 0]",7.0,27799996,1172105,0.042162056426195166,8,1730402,3264,1125394,1729128,1726953,186429,4576,902194,331,633939,0,1329,1604,0.06224468521506262,0.0035603612789701015,0.6503656375801692,0.9987421405471428,0.10750622953516704,0.002571094978591798,0.5220702415530946,0.00039422810164152505,0.36971061487086904,0.0,0.0003707627544160895,0.0003146403964409513,"[1, 0]"
8.0,26620139,4575,108,22840,15,16121,0,61,79,121996,2848,591755,436,414635,0,1833,2346,0,0,0,17,0,0,77,115,0,0,0,0,0,0,0,0,27799996,1179857,0.04244090538718063,8,122085,2787,590047,319,416540,0,1300,1685,65753,1483,318375,193,223914,0,789,949,0,0,0,0,0,0,0,0,0,0,0,0,0,0,0,0,0,0,0,0,0,0,0,0,0,0,0,0,0,0,0,0,0,0,0,0,0,0,0,0,0,0,0,0,0,0,0,0,0,0,0,0,0,0,0,0,0,0,0,0,0,0,0,0,0,0,122085,0,0,2787,0,0,590047,0,0,319,0,0,416540,0,0,0,0,0,1300,0,0,1685,0,0,65753,0,0,1483,0,0,318375,0,0,193,0,0,223914,0,0,0,0,0,789,0,0,949,0,0,0,327,0,1,1397,1725,0,0,0,2,0,0,12,11,0,0,0,3,0,0,35,21,0,0,0,0,0,0,0,0,0,0,0,0,0,0,0,0,0,0,1740813,0,0,0,0,0,0,0,0,0,0,0,0,0,0,0,0,1740813,3352,0,1746219,5235,1134763,1744165,1740813,187838,4270,908422,512,640454,0,2089,2634,0.0628136421314593,0.002997905760961254,0.6498400257928701,0.9980781634765059,0.10756840923160269,0.0024452832090362093,0.5202222630723867,0.00029320491874157824,0.36676613872601316,0.0,0.001196298975099916,0.0015084018671197598,"[1, 0]",8.0,27799996,1179857,0.04244090538718063,9,1746219,5235,1134763,1744165,1740813,187838,4270,908422,512,640454,0,2089,2634,0.0628136421314593,0.004816588325785069,0.6498400257928701,0.9980781634765059,0.11238216697344434,0.0008224416723604643,0.5175494869643027,0.00032694778099325787,0.39518599120511283,0.0,0.002068865950654158,0.0020162654429248545,"[1, 0]"
9.0,26608689,4804,110,22721,30,16084,0,98,151,122594,2873,595172,788,418557,0,2931,4087,0,0,0,29,0,0,113,165,0,0,0,0,0,0,0,0,27799996,1191307,0.0428527759500397,9,123020,2878,593859,561,418002,0,2111,3003,66048,1544,319454,317,224703,0,1244,1695,0,0,0,0,0,0,0,0,0,0,0,0,0,0,0,0,0,0,0,0,0,0,0,0,0,0,0,0,0,0,0,0,0,0,0,0,0,0,0,0,0,0,0,0,0,0,0,0,0,0,0,0,0,0,0,0,0,0,0,0,0,0,0,0,0,0,123020,0,0,2878,0,0,593859,0,0,561,0,0,418002,0,0,0,0,0,2111,0,0,3003,0,0,66048,0,0,1544,0,0,319454,0,0,317,0,0,224703,0,0,0,0,0,1244,0,0,1695,0,0,0,576,0,0,2183,3060,0,0,0,4,0,0,17,10,0,0,0,7,0,0,29,27,0,0,0,0,0,0,0,0,0,0,0,0,0,0,0,0,0,0,1749333,0,0,0,0,0,0,0,0,0,0,0,0,0,0,0,0,1749333,5721,0,1758439,8931,1143434,1755054,1749333,189068,4422,913313,878,642705,0,3355,4698,0.06325321054003029,0.005078936488556043,0.6502551410654563,0.9967402712395174,0.10752036323125226,0.002514730394400943,0.5193885030984868,0.0004993064871741357,0.365497466787304,0.0,0.001907942214657432,0.0026716877867244753,"[1, 0]",9.0,27799996,1191307,0.0428527759500397,10,1758439,8931,1143434,1755054,1749333,189068,4422,913313,878,642705,0,3355,4698,0.06325321054003029,0.0021449207568697147,0.6502551410654563,0.9967402712395174,0.11184717587687175,0.004706393306701055,0.5243859006748411,0.0012427776328496286,0.3492524649890696,0.0,0.0019482534561078653,0.002967323298006902,"[1, 0]"
10.0,26596863,4679,103,22781,63,16148,0,136,242,122890,2849,597595,1377,422012,0,4666,7106,0,0,0,50,0,0,157,279,0,0,0,0,0,0,0,0,27799996,1203133,0.04327817169470096,10,123526,2744,594675,1029,420897,0,3209,5324,66167,1510,320632,580,226321,0,2097,2952,0,0,0,0,0,0,0,0,0,0,0,0,0,0,0,0,0,0,0,0,0,0,0,0,0,0,0,0,0,0,0,0,0,0,0,0,0,0,0,0,0,0,0,0,0,0,0,0,0,0,0,0,0,0,0,0,0,0,0,0,0,0,0,0,0,0,123526,0,0,2744,0,0,594675,0,0,1029,0,0,420897,0,0,0,0,0,3209,0,0,5324,0,0,66167,0,0,1510,0,0,320632,0,0,580,0,0,226321,0,0,0,0,0,2097,0,0,2952,0,0,0,1046,0,0,3286,5381,0,0,0,0,0,0,21,11,0,0,0,4,0,0,34,25,0,0,0,0,0,0,0,0,0,0,0,0,0,0,0,0,0,0,1756289,0,0,0,0,0,0,0,0,0,0,0,0,0,0,0,0,1756289,9534,0,1771663,15191,1151404,1765823,1756289,189693,4254,915307,1609,647218,0,5306,8276,0.06372889406171138,0.00857442978715478,0.6499001220886816,0.994600817862266,0.10707058848099216,0.002401133849947761,0.5166371934165809,0.0009081862634146561,0.3653166544653244,0.0,0.0029949262359715138,0.0046713172877686105,"[1, 0]",10.0,27799996,1203133,0.04327817169470096,11,1771663,15191,1151404,1765823,1756289,189693,4254,915307,1609,647218,0,5306,8276,0.06372889406171138,0.00411182641141094,0.6499001220886816,0.994600817862266,0.11476955725372748,0.0006598216305005245,0.5072525956254299,0.0007573562839154251,0.3645393999218853,0.0,0.0005022713508217348,0.004650541100761604,"[1, 0]"
11.0,26580623,4883,115,22985,79,16349,0,250,434,124237,2857,599231,2348,425367,0,7219,12175,0,0,0,79,0,0,266,499,0,0,0,0,0,0,0,0,27799996,1219373,0.043862344440625096,11,124171,2806,598099,1791,424131,0,5091,8953,66595,1534,322584,984,227990,0,3094,5014,0,0,0,0,0,0,0,0,0,0,0,0,0,0,0,0,0,0,0,0,0,0,0,0,0,0,0,0,0,0,0,0,0,0,0,0,0,0,0,0,0,0,0,0,0,0,0,0,0,0,0,0,0,0,0,0,0,0,0,0,0,0,0,0,0,0,124171,0,0,2806,0,0,598099,0,0,1791,0,0,424131,0,0,0,0,0,5091,0,0,8953,0,0,66595,0,0,1534,0,0,322584,0,0,984,0,0,227990,0,0,0,0,0,3094,0,0,5014,0,0,0,1802,0,0,5165,8998,0,0,0,5,0,0,15,13,0,0,0,8,0,0,32,22,0,0,0,0,0,0,0,0,0,0,0,0,0,0,0,0,0,0,1767747,0,0,0,0,0,0,0,0,0,0,0,0,0,0,0,0,1767747,15607,0,1792837,24927,1165042,1783354,1767747,190766,4340,920683,2775,652121,0,8185,13967,0.06449054884756099,0.013903662184571158,0.6498315240035765,0.9912485126340592,0.10640454207493487,0.0024207443286813025,0.5135341361205732,0.0015478261548595885,0.3637369152912395,0.0,0.00456538993784711,0.007790446091864458,"[1, 0]",11.0,27799996,1219373,0.043862344440625096,12,1792837,24927,1165042,1783354,1767747,190766,4340,920683,2775,652121,0,8185,13967,0.06449054884756099,0.012014381848797624,0.6498315240035765,0.9912485126340592,0.1126743120312125,0.0017407228658981207,0.5108191039870759,6.783799980728889e-05,0.37523050029327704,0.0,0.006318984564395817,0.008097519064216985,"[1, 0]"
12.0,26561008,4692,118,23269,152,16408,0,377,764,125304,2953,600337,4050,427213,0,11217,20780,0,0,0,137,0,0,393,824,0,0,0,0,0,0,0,0,27799996,1238988,0.04456792008171512,12,125762,2834,598548,3071,426532,0,7909,15579,67178,1566,323642,1688,230544,0,4865,8620,0,0,0,0,0,0,0,0,0,0,0,0,0,0,0,0,0,0,0,0,0,0,0,0,0,0,0,0,0,0,0,0,0,0,0,0,0,0,0,0,0,0,0,0,0,0,0,0,0,0,0,0,0,0,0,0,0,0,0,0,0,0,0,0,0,0,125762,0,0,2834,0,0,598548,0,0,3071,0,0,426532,0,0,0,0,0,7909,0,0,15579,0,0,67178,0,0,1566,0,0,323642,0,0,1688,0,0,230544,0,0,0,0,0,4865,0,0,8620,0,0,0,3085,0,0,7988,15627,0,0,0,0,0,0,12,13,0,0,0,3,0,0,22,21,0,0,0,0,0,0,0,0,0,0,0,0,0,0,0,0,0,0,1776440,0,0,0,0,0,0,0,0,0,0,0,0,0,0,0,0,1776440,26190,0,1818338,41732,1180235,1802630,1776440,192940,4400,922190,4759,657076,0,12774,24199,0.06540785113782031,0.02295062854100833,0.649073494586815,0.9854712281499809,0.10610788533264992,0.0024197921398551865,0.5071609348756941,0.0026172251803570075,0.3613607591107924,0.0,0.007025096544206853,0.013308306816444468,"[1, 0]",12.0,27799996,1238988,0.04456792008171512,13,1818338,41732,1180235,1802630,1776440,192940,4400,922190,4759,657076,0,12774,24199,0.06540785113782031,0.017581304693542084,0.649073494586815,0.9854712281499809,0.11998059097554141,0.002161068810353564,0.4919674965578415,0.0014508281188302535,0.3599033245593394,0.0,0.007599881237839182,0.009568731237224825,"[1, 0]"
13.0,26531660,5003,116,23099,278,16458,0,557,1362,126505,2835,601123,7005,429043,0,17295,35453,0,0,0,281,0,0,561,1362,0,0,0,0,0,0,0,0,27799996,1268336,0.04562360368684945,13,126353,2847,599008,5380,428434,0,12051,26541,67744,1587,323920,2930,230798,0,7552,14832,0,0,0,0,0,0,0,0,0,0,0,0,0,0,0,0,0,0,0,0,0,0,0,0,0,0,0,0,0,0,0,0,0,0,0,0,0,0,0,0,0,0,0,0,0,0,0,0,0,0,0,0,0,0,0,0,0,0,0,0,0,0,0,0,0,0,126353,0,0,2847,0,0,599008,0,0,5380,0,0,428434,0,0,0,0,0,12051,0,0,26541,0,0,67744,0,0,1587,0,0,323920,0,0,2930,0,0,230798,0,0,0,0,0,7552,0,0,14832,0,0,0,5397,0,1,12125,26585,0,0,0,3,0,0,18,16,0,0,0,10,0,0,38,27,0,0,0,0,0,0,0,0,0,0,0,0,0,0,0,0,0,0,1780518,0,0,0,0,0,0,0,0,0,0,0,0,0,0,0,0,1780518,43258,0,1849977,69286,1200614,1823776,1780518,194097,4434,922928,8310,659232,0,19603,41373,0.06654594482675465,0.03745235751579614,0.6489886090475719,0.9762810783780465,0.10491860169072373,0.0023967865546436523,0.49888620236900244,0.004491947737728631,0.35634605186983404,0.0,0.010596347954596193,0.02236406182347132,"[1, 0]",13.0,27799996,1268336,0.04562360368684945,14,1849977,69286,1200614,1823776,1780518,194097,4434,922928,8310,659232,0,19603,41373,0.06654594482675465,0.03729456358244191,0.6489886090475719,0.9762810783780465,0.09088090216679445,0.003361001218247033,0.4976445288328232,0.007252142267502842,0.3743670597185761,0.0,0.011501543446532671,0.01590722968572667,"[1, 0]"
14.0,26488371,5045,104,23081,454,16457,0,883,2212,127528,2838,599491,12287,430190,0,26528,60663,0,0,0,499,0,0,923,2442,0,0,0,0,0,0,0,0,27799996,1311625,0.04718076218428233,14,127697,2782,598394,9334,429386,0,18832,45880,68319,1479,324322,5123,231605,0,11529,25565,0,0,0,0,0,0,0,0,0,0,0,0,0,0,0,0,0,0,0,0,0,0,0,0,0,0,0,0,0,0,0,0,0,0,0,0,0,0,0,0,0,0,0,0,0,0,0,0,0,0,0,0,0,0,0,0,0,0,0,0,0,0,0,0,0,0,127697,0,0,2782,0,0,598394,0,0,9334,0,0,429386,0,0,0,0,0,18832,0,0,45880,0,0,68319,0,0,1479,0,0,324322,0,0,5123,0,0,231605,0,0,0,0,0,11529,0,0,25565,0,0,0,9350,0,1,18910,45940,0,0,0,1,0,0,12,12,0,0,0,8,0,0,26,24,0,0,0,0,0,0,0,0,0,0,0,0,0,0,0,0,0,0,1783804,0,0,0,0,0,0,0,0,0,0,0,0,0,0,0,0,1783804,72541,0,1900247,116263,1232305,1856345,1783804,196016,4261,922716,14457,660991,0,30361,71445,0.06835421846823288,0.061183098828731214,0.6484972743017092,0.9609226733177292,0.10315290591170516,0.0022423400747376525,0.4855768750062492,0.0076079583338376534,0.3478447801785768,0.0,0.015977396622649583,0.037597743872243974,"[1, 0]",14.0,27799996,1311625,0.04718076218428233,15,1900247,116263,1232305,1856345,1783804,196016,4261,922716,14457,660991,0,30361,71445,0.06835421846823288,0.06714925202762279,0.6484972743017092,0.9609226733177292,0.10252016867567178,0.001630412675392854,0.4977730090258253,0.006681838438993031,0.3635325249188125,0.0,0.01520642920481341,0.03566193114748554,"[1, 0]"
15.0,26417094,5021,122,22858,820,16584,0,1368,3806,128166,2696,598431,21488,430773,0,40816,103767,0,0,0,822,0,0,1424,3940,0,0,0,0,0,0,0,0,27799996,1382902,0.04974468341650121,15,128007,2667,595445,16218,430427,0,28563,77887,68938,1550,322881,8804,232263,0,17611,43096,0,0,0,0,0,0,0,0,0,0,0,0,0,0,0,0,0,0,0,0,0,0,0,0,0,0,0,0,0,0,0,0,0,0,0,0,0,0,0,0,0,0,0,0,0,0,0,0,0,0,0,0,0,0,0,0,0,0,0,0,0,0,0,0,0,0,128007,0,0,2667,0,0,595445,0,0,16218,0,0,430427,0,0,0,0,0,28563,0,0,77887,0,0,68938,0,0,1550,0,0,322881,0,0,8804,0,0,232263,0,0,0,0,0,17611,0,0,43096,0,0,0,16230,0,1,28633,77952,0,0,0,4,0,0,19,18,0,0,0,7,0,0,34,37,0,0,0,0,0,0,0,0,0,0,0,0,0,0,0,0,0,0,1781989,0,0,0,0,0,0,0,0,0,0,0,0,0,0,0,0,1781989,120494,0,1974357,192179,1279214,1902483,1781989,196945,4217,918326,25022,662690,0,46174,120983,0.07102004618993471,0.0973375129219285,0.6479142323298167,0.9366648742722011,0.09975146338782702,0.0021358852527683697,0.46512662097077684,0.012673493192973713,0.33564851746669927,0.0,0.023386854555685725,0.06127716517326907,"[1, 0]",15.0,27799996,1382902,0.04974468341650121,16,1974357,192179,1279214,1902483,1781989,196945,4217,918326,25022,662690,0,46174,120983,0.07102004618993471,0.1029561576689679,0.6479142323298167,0.9366648742722011,0.09931613641529735,0.000582634993715066,0.4752453786118204,0.012713095814727803,0.33003990826883933,0.0,0.022954675929123262,0.05943737709598107,"[1, 0]"
16.0,26300129,4816,113,22664,1403,16414,0,2148,6578,128348,2699,595038,37435,431543,0,62880,176828,0,0,0,1605,0,0,2290,7065,0,0,0,0,0,0,0,0,27799996,1499867,0.05395205812259829,16,128056,2710,589727,28381,429972,0,43863,132226,69451,1467,322657,15600,232238,0,27244,74118,0,0,0,0,0,0,0,0,0,0,0,0,0,0,0,0,0,0,0,0,0,0,0,0,0,0,0,0,0,0,0,0,0,0,0,0,0,0,0,0,0,0,0,0,0,0,0,0,0,0,0,0,0,0,0,0,0,0,0,0,0,0,0,0,0,0,128056,0,0,2710,0,0,589727,0,0,28381,0,0,429972,0,0,0,0,0,43863,0,0,132226,0,0,69451,0,0,1467,0,0,322657,0,0,15600,0,0,232238,0,0,0,0,0,27244,0,0,74118,0,0,0,28398,0,0,43946,132279,0,0,0,3,0,0,22,10,0,0,0,7,0,0,42,23,0,0,0,0,0,0,0,0,0,0,0,0,0,0,0,0,0,0,1776090,0,0,0,0,0,0,0,0,0,0,0,0,0,0,0,0,1776090,199849,0,2097710,321432,1354935,1975939,1776090,197507,4177,912384,43981,662210,0,71107,206344,0.07545720510175613,0.1532299507558242,0.6459114939624638,0.8988587198289016,0.09415362466689867,0.0019912189959527295,0.43494286626845463,0.020966196471390232,0.31568233931286976,0.0,0.03389744054230566,0.09836631374212831,"[1, 0]",16.0,27799996,1499867,0.05395205812259829,17,2097710,321432,1354935,1975939,1776090,197507,4177,912384,43981,662210,0,71107,206344,0.07545720510175613,0.16787341305849904,0.6459114939624638,0.8988587198289016,0.10234394367961896,0.0027228257814125145,0.4399813502325131,0.01162680760461151,0.2989734426712984,0.0,0.03331573171269254,0.09567080003553652,"[1, 0]"
17.0,26113292,4860,95,22300,2482,16103,0,3176,11162,127997,2722,589547,65184,428002,0,96208,299243,0,0,0,2640,0,0,3358,11625,0,0,0,0,0,0,0,0,27799996,1686704,0.06067281448529705,17,126747,2679,583768,49002,424671,0,67017,223693,69381,1447,319723,26925,231565,0,41949,124971,0,0,0,0,0,0,0,0,0,0,0,0,0,0,0,0,0,0,0,0,0,0,0,0,0,0,0,0,0,0,0,0,0,0,0,0,0,0,0,0,0,0,0,0,0,0,0,0,0,0,0,0,0,0,0,0,0,0,0,0,0,0,0,0,0,0,126747,0,0,2679,0,0,583768,0,0,49002,0,0,424671,0,0,0,0,0,67017,0,0,223693,0,0,69381,0,0,1447,0,0,319723,0,0,26925,0,0,231565,0,0,0,0,0,41949,0,0,124971,0,0,0,49018,0,0,67098,223740,0,0,0,0,0,0,14,9,0,0,0,5,0,0,36,16,0,0,0,0,0,0,0,0,0,0,0,0,0,0,0,0,0,0,1759814,0,0,0,0,0,0,0,0,0,0,0,0,0,0,0,0,1759814,333193,0,2293538,533557,1477577,2093007,1759814,196128,4126,903491,75927,656236,0,108966,348664,0.08250137877717681,0.2326349072917039,0.6442348023010737,0.8408065524864465,0.08551329866782238,0.0017989673595990125,0.39392894296933384,0.033104749081986,0.28612388371154085,0.0,0.047510004194393114,0.1520201540153248,"[1, 0]",17.0,27799996,1686704,0.06067281448529705,18,2293538,533557,1477577,2093007,1759814,196128,4126,903491,75927,656236,0,108966,348664,0.08250137877717681,0.24626158783165605,0.6442348023010737,0.8408065524864465,0.08592697774191267,0.0009557698218656911,0.4075428344904369,0.03532334390406379,0.2904134977710916,0.0,0.04687329969259566,0.1488409502393572,"[1, 0]"
18.0,25811672,4863,84,21558,4154,15823,0,4761,18438,126667,2649,578709,111877,422106,0,145946,501909,0,0,0,4301,0,0,4933,19546,0,0,0,0,0,0,0,0,27799996,1988324,0.07152245633416637,18,124542,2617,570988,84294,416958,0,101351,373946,68523,1479,315537,46167,229711,0,64544,210485,0,0,0,0,0,0,0,0,0,0,0,0,0,0,0,0,0,0,0,0,0,0,0,0,0,0,0,0,0,0,0,0,0,0,0,0,0,0,0,0,0,0,0,0,0,0,0,0,0,0,0,0,0,0,0,0,0,0,0,0,0,0,0,0,0,0,124542,0,0,2617,0,0,570988,0,0,84294,0,0,416958,0,0,0,0,0,101351,0,0,373946,0,0,68523,0,0,1479,0,0,315537,0,0,46167,0,0,229711,0,0,0,0,0,64544,0,0,210485,0,0,0,84318,0,0,101420,374007,0,0,0,3,0,0,13,7,0,0,0,9,0,0,29,21,0,0,0,0,0,0,0,0,0,0,0,0,0,0,0,0,0,0,1730178,0,0,0,0,0,0,0,0,0,0,0,0,0,0,0,0,1730178,548588,0,2611142,880787,1674696,2278766,1730178,193065,4096,886525,130461,646669,0,165895,584431,0.09392598473755176,0.33731869044272583,0.6413653489545953,0.7592609333297057,0.07393891255243874,0.0015686622941226483,0.33951619636159197,0.04996319618006221,0.2476575383491208,0.0,0.06353350373131757,0.22382199053134605,"[1, 0]",18.0,27799996,1988324,0.07152245633416637,19,2611142,880787,1674696,2278766,1730178,193065,4096,886525,130461,646669,0,165895,584431,0.09392598473755176,0.33920278075812715,0.6413653489545953,0.7592609333297057,0.07970973267871845,0.0019693278661003935,0.35114058172454926,0.03978919921913871,0.2528690737041076,0.0,0.06023862878239715,0.23224438521559215,"[1, 0]"
19.0,25335201,4664,101,20523,6840,14998,0,7017,29543,123586,2536,560749,189089,410687,0,218600,829973,0,0,0,7224,0,0,7448,31217,0,0,0,0,0,0,0,0,27799996,2464795,0.08866170340456164,19,121581,2628,550625,140632,402602,0,151527,613684,67734,1490,308850,79317,224435,0,96346,351530,0,0,0,0,0,0,0,0,0,0,0,0,0,0,0,0,0,0,0,0,0,0,0,0,0,0,0,0,0,0,0,0,0,0,0,0,0,0,0,0,0,0,0,0,0,0,0,0,0,0,0,0,0,0,0,0,0,0,0,0,0,0,0,0,0,0,121581,0,0,2628,0,0,550625,0,0,140632,0,0,402602,0,0,0,0,0,151527,0,0,613684,0,0,67734,0,0,1490,0,0,308850,0,0,79317,0,0,224435,0,0,0,0,0,96346,0,0,351530,0,0,0,140648,0,0,151579,613724,0,0,0,3,0,0,14,12,0,0,0,6,0,0,25,15,0,0,0,0,0,0,0,0,0,0,0,0,0,0,0,0,0,0,1679808,0,0,0,0,0,0,0,0,0,0,0,0,0,0,0,0,1679808,888842,0,3112981,1433036,1983279,2568650,1679808,189315,4118,859475,219949,627037,0,247873,965214,0.11197774992485611,0.460342032283525,0.637099616091457,0.6539653125182489,0.06081469819443164,0.001322847778383485,0.2760938791467086,0.07065542642245487,0.20142654259695128,0.0,0.07962560645246469,0.31006099940860543,"[1, 0]",19.0,27799996,2464795,0.08866170340456164,20,3112981,1433036,1983279,2568650,1679808,189315,4118,859475,219949,627037,0,247873,965214,0.11197774992485611,0.4607348893581055,0.637099616091457,0.6539653125182489,0.0676360468290844,0.0017578014074891204,0.27349632114945127,0.07245240896282353,0.21290297895299592,0.0,0.09227577415326328,0.3071941414719443,"[1, 0]"
20.0,24601468,4205,81,18954,11318,13755,0,10279,46643,117691,2372,532468,311320,391014,0,322516,1343943,0,0,0,11787,0,0,10832,49350,0,0,0,0,0,0,0,0,27799996,3198528,0.11505498058345044,20,114279,2284,514778,229513,378702,0,219407,977855,65337,1312,295344,132035,216569,0,144186,573175,0,0,0,0,0,0,0,0,0,0,0,0,0,0,0,0,0,0,0,0,0,0,0,0,0,0,0,0,0,0,0,0,0,0,0,0,0,0,0,0,0,0,0,0,0,0,0,0,0,0,0,0,0,0,0,0,0,0,0,0,0,0,0,0,0,0,114279,0,0,2284,0,0,514778,0,0,229513,0,0,378702,0,0,0,0,0,219407,0,0,977855,0,0,65337,0,0,1312,0,0,295344,0,0,132035,0,0,216569,0,0,0,0,0,144186,0,0,573175,0,0,0,229524,0,0,219474,977904,0,0,0,4,0,0,18,11,0,0,0,4,0,0,34,21,0,0,0,0,0,0,0,0,0,0,0,0,0,0,0,0,0,0,1588445,0,0,0,0,0,0,0,0,0,0,0,0,0,0,0,0,1588445,1400822,0,3864776,2276171,2436818,2989267,1588445,179616,3596,810122,361548,595271,0,363593,1551030,0.13902073942744453,0.5889528914483013,0.6305198541907733,0.5313827771155939,0.046475138533255224,0.0009304549603909774,0.20961680573466612,0.09354953560051087,0.1540247093233864,0.0,0.09407867364111142,0.401324682206679,"[1, 0]",20.0,27799996,3198528,0.11505498058345044,21,3864776,2276171,2436818,2989267,1588445,179616,3596,810122,361548,595271,0,363593,1551030,0.13902073942744453,0.5854031348692161,0.6305198541907733,0.5313827771155939,0.04319639869608058,0.0008926936276613904,0.208164215937856,0.09156930175341443,0.14999739306782067,0.0,0.0824245356101393,0.414365215577659,"[1, 0]"
21.0,23530676,3826,81,16464,16827,12344,0,13669,69394,109331,2113,489827,497437,360611,1,462560,2107988,0,0,0,17918,0,0,14452,74477,0,0,0,0,0,0,0,0,27799996,4269320,0.15357268396729265,21,103454,1989,465574,358465,343439,0,305574,1500918,61587,1183,276542,214095,203573,0,209799,913332,0,0,0,0,0,0,0,0,0,0,0,0,0,0,0,0,0,0,0,0,0,0,0,0,0,0,0,0,0,0,0,0,0,0,0,0,0,0,0,0,0,0,0,0,0,0,0,0,0,0,0,0,0,0,0,0,0,0,0,0,0,0,0,0,0,0,103454,0,0,1989,0,0,465574,0,0,358465,0,0,343439,0,0,0,0,0,305574,0,0,1500918,0,0,61587,0,0,1183,0,0,276542,0,0,214095,0,0,203573,0,0,0,0,0,209799,0,0,913332,0,0,0,358478,0,0,305635,1500960,0,0,0,2,0,1,20,9,0,0,0,4,0,1,34,18,0,0,0,0,0,0,0,0,0,0,0,0,0,0,0,0,0,0,1457193,0,0,0,0,0,0,0,0,0,0,0,0,0,0,0,0,1457193,2130195,0,4959524,3502183,3079413,3587388,1457193,165041,3172,742116,572560,547012,0,515373,2414250,0.17840016955398122,0.7061530501717503,0.6209089823942782,0.40619888342158694,0.033277588736338404,0.0006395775078414783,0.14963452137745478,0.11544656301693469,0.110295262206615,0.0,0.10391581934072705,0.4867906678140886,"[1, 0]",21.0,27799996,4269320,0.15357268396729265,22,4959524,3502183,3079413,3587388,1457193,165041,3172,742116,572560,547012,0,515373,2414250,0.17840016955398122,0.7235926574594662,0.6209089823942782,0.40619888342158694,0.03518282609881206,0.0006294713322956468,0.13809081561533504,0.11968725306443362,0.1054841588378167,0.0,0.1135188816392487,0.4715991868535629,"[1, 0]"
22.0,22077793,3116,58,13819,24169,10215,0,17501,97786,96381,1756,431168,758613,317951,0,637948,3162284,0,0,0,25540,0,0,18768,105130,0,0,0,0,0,0,0,0,27799996,5722203,0.20583466990426905,22,89255,1675,397543,526871,293476,2,407753,2173389,55704,1084,248704,333953,183633,0,294324,1401164,0,0,0,0,0,0,0,0,0,0,0,0,0,0,0,0,0,0,0,0,0,0,0,0,0,0,0,0,0,0,0,0,0,0,0,0,0,0,0,0,0,0,0,0,0,0,0,0,0,0,0,0,0,0,0,0,0,0,0,0,0,0,0,0,0,0,89255,0,0,1675,0,0,397543,0,0,526871,0,0,293476,0,0,2,0,0,407753,0,0,2173389,0,0,55704,0,0,1084,0,0,248704,0,0,333953,0,0,183633,0,0,0,0,0,294324,0,0,1401164,0,0,0,526878,0,3,407794,2173419,0,0,0,1,0,0,10,12,0,0,0,3,0,0,23,22,0,0,0,0,0,0,0,0,0,0,0,0,0,0,0,0,0,0,1270972,0,0,0,0,0,0,0,0,0,0,0,0,0,0,0,0,1270972,3065503,0,6408530,5137456,3889964,4336475,1270972,144959,2759,646247,860824,477109,2,702077,3574553,0.2305226950392367,0.8016590388123329,0.606997860663834,0.2930887414316928,0.022619695936509622,0.00043051994763229634,0.10084169068413505,0.13432472033368026,0.0744490546193901,3.1208405047647435e-07,0.10955351695318583,0.5577804894414163,"[1, 0]",22.0,27799996,5722203,0.20583466990426905,23,6408530,5137456,3889964,4336475,1270972,144959,2759,646247,860824,477109,2,702077,3574553,0.2305226950392367,0.8004352971251132,0.606997860663834,0.2930887414316928,0.026829161812823594,-0.0006447687512421466,0.09259399715397715,0.11983730416075031,0.06821971689417368,3.5073956079055065e-06,0.0928272768460901,0.5767210569051247,"[1, 0]"
23.0,20297902,2456,25,10473,31473,7633,0,21351,128276,79688,1375,358850,1089065,264543,0,835468,4478599,0,0,0,33958,0,0,22951,135910,0,0,0,0,0,0,0,0,27799996,7502094,0.2698595352315878,23,71250,1258,315728,722993,234092,0,506858,2935548,48012,867,213746,493556,157727,0,395884,2045899,0,0,0,0,0,0,0,0,0,0,0,0,0,0,0,0,0,0,0,0,0,0,0,0,0,0,0,0,0,0,0,0,0,0,0,0,0,0,0,0,0,0,0,0,0,0,0,0,0,0,0,0,0,0,0,0,0,0,0,0,0,0,0,0,0,0,71250,0,0,1258,0,0,315728,0,0,722993,0,0,234092,0,0,0,0,0,506858,0,0,2935548,0,0,48012,0,0,867,0,0,213746,0,0,493556,0,0,157727,0,0,0,0,0,395884,0,0,2045899,0,0,0,723002,0,2,506910,2935589,0,0,0,4,0,0,10,9,0,0,0,6,0,2,23,23,0,0,0,0,0,0,0,0,0,0,0,0,0,0,0,0,0,0,1042553,0,0,0,0,0,0,0,0,0,0,0,0,0,0,0,0,1042553,4122122,0,8143418,7100738,4787727,5164675,1042553,119262,2125,529474,1216549,391819,0,902742,4981447,0.2929287471839924,0.8719603979557479,0.5879259789930961,0.20186226626070372,0.014645201805924735,0.0002609469389880269,0.06501864450529249,0.14939046479009183,0.04811480879404692,0.0,0.11085541722161382,0.6117145159440421,"[1, 0]",23.0,27799996,7502094,0.2698595352315878,24,8143418,7100738,4787727,5164675,1042553,119262,2125,529474,1216549,391819,0,902742,4981447,0.2929287471839924,0.871590476201983,0.5879259789930961,0.20186226626070372,0.0218673304740611,0.0008279586384576879,0.060128891771272286,0.14562238567371422,0.047019106883979256,0.0,0.11622869030630582,0.6228444601920891,"[1, 0]"
24.0,18356380,1653,32,7462,37743,5550,0,23890,152441,62580,981,279177,1462987,205922,0,1034686,5938466,0,0,0,40913,0,0,25317,163816,0,0,0,0,0,0,0,0,27799996,9443616,0.33969846614366417,24,52398,833,233194,912198,172434,0,587788,3654708,38104,697,172974,685064,127328,0,503494,2801488,0,0,0,0,0,0,0,0,0,0,0,0,0,0,0,0,0,0,0,0,0,0,0,0,0,0,0,0,0,0,0,0,0,0,0,0,0,0,0,0,0,0,0,0,0,0,0,0,0,0,0,0,0,0,0,0,0,0,0,0,0,0,0,0,0,0,52398,0,0,833,0,0,233194,0,0,912198,0,0,172434,0,0,0,0,0,587788,0,0,3654708,0,0,38104,0,0,697,0,0,172974,0,0,685064,0,0,127328,0,0,0,0,0,503494,0,0,2801488,0,0,0,912203,0,2,587822,3654735,0,0,0,4,0,0,5,4,0,0,0,5,0,0,14,11,0,0,0,0,0,0,0,0,0,0,0,0,0,0,0,0,0,0,797881,0,0,0,0,0,0,0,0,0,0,0,0,0,0,0,0,797881,5117535,0,9942702,9144740,5613553,5915416,797881,90502,1530,406168,1597262,299762,0,1091282,6456196,0.35765120253974136,0.9197439488782828,0.5645902894404358,0.13488163807921538,0.009102354671798471,0.0001538817114301525,0.0408508672994524,0.16064667330872434,0.030148947439036188,0.0,0.10975708615223508,0.6493401894173234,"[1, 0]",24.0,27799996,9443616,0.33969846614366417,25,9942702,9144740,5613553,5915416,797881,90502,1530,406168,1597262,299762,0,1091282,6456196,0.35765120253974136,0.9303352841595536,0.5645902894404358,0.13488163807921538,0.008094157192066105,-0.000165744479250304,0.04074098340250732,0.16183983729539952,0.030595958820132507,0.0,0.10790704988102695,0.6546646693738989,"[1, 0]"
25.0,16487788,1136,16,4850,43200,3587,0,24692,168596,45641,736,202886,1838342,150310,0,1204851,7368282,0,0,0,46416,0,0,26416,182251,0,0,0,0,0,0,0,0,27799996,11312208,0.40691401538331157,25,35870,560,158208,1063241,117267,0,632083,4203119,29153,419,130212,889333,96151,0,606590,3588386,0,0,0,0,0,0,0,0,0,0,0,0,0,0,0,0,0,0,0,0,0,0,0,0,0,0,0,0,0,0,0,0,0,0,0,0,0,0,0,0,0,0,0,0,0,0,0,0,0,0,0,0,0,0,0,0,0,0,0,0,0,0,0,0,0,0,35870,0,0,560,0,0,158208,0,0,1063241,0,0,117267,0,0,0,0,0,632083,0,0,4203119,0,0,29153,0,0,419,0,0,130212,0,0,889333,0,0,96151,0,0,0,0,0,606590,0,0,3588386,0,0,0,1063246,0,0,632102,4203136,0,0,0,0,0,0,3,5,0,0,0,2,0,0,10,10,0,0,0,0,0,0,0,0,0,0,0,0,0,0,0,0,0,0,567791,0,0,0,0,0,0,0,0,0,0,0,0,0,0,0,0,567791,5873447,0,11550592,10982752,6210348,6441238,567791,65023,979,288420,1952574,213418,0,1238673,7791505,0.4154889806458965,0.9508388834096122,0.537664909296424,0.08814935886548518,0.00562940843205266,8.475756047828545e-05,0.024970148716187014,0.16904536148450228,0.018476801881669787,0.0,0.10723891900951917,0.6745546029155908,"[1, 0]",25.0,27799996,11312208,0.40691401538331157,26,11550592,10982752,6210348,6441238,567791,65023,979,288420,1952574,213418,0,1238673,7791505,0.4154889806458965,0.9541269840340948,0.537664909296424,0.08814935886548518,0.0018519931826533522,2.4273410145286626e-05,0.016487068943300202,0.18527716177212156,0.020010112781641835,0.0,0.10408919507974647,0.6830660976798043,"[1, 0]"
