Scenarios,CIP-sens,CIP-spec,TET-sens,TET-spec,rapid test coverage,ID,Seed,Run time,Rate of gonorrhea cases (average incidence after epidemic warm-up),Time-averaged proportion of cases CIP-S (average incidence after epidemic warm-up),Time-averaged proportion of cases TET-S (average incidence after epidemic warm-up),Time-averaged proportion of cases CRO-S (average incidence after epidemic warm-up),"Time-averaged proportion of cases treated successfully with CIP, TET, or CRO (average incidence after epidemic warm-up)",Time-averaged proportion of cases treated successfully with CIP (average incidence after epidemic warm-up),Time-averaged proportion of cases treated successfully with TET (average incidence after epidemic warm-up),Time-averaged proportion of cases treated successfully with CRO (average incidence after epidemic warm-up),Duration of 1st line therapy with CRO (after epidemic warm-up),Duration of 1st line therapy with Drug M (after epidemic warm-up)
Status quo (no rapid test),0.0,1.0,0.0,1.0,0.0,0,1980183620,4.103713035583496,0.10026094392243796,0.7381684924552632,0.14930996487970544,0.7650272111325245,0.7947445239378833,0.0,0.0,0.7947445239378833,24.0,0.0
Status quo (no rapid test),0.0,1.0,0.0,1.0,0.0,1,609630810,3.9934380054473877,0.09444070475552245,0.6148797469889583,0.12349843349569718,0.7168997609397403,0.7511524347016154,0.0,0.0,0.7511524347016154,24.0,0.0
Status quo (no rapid test),0.0,1.0,0.0,1.0,0.0,2,124993790,3.8541488647460938,0.0589522091640664,0.6145699883357502,0.16569402460963828,0.9682804624885256,0.9766883755442807,0.0,0.0,0.9766883755442807,24.0,0.0
Status quo (no rapid test),0.0,1.0,0.0,1.0,0.0,3,822550227,4.062090158462524,0.07678751297572223,0.6881495658258142,0.12200881406562303,0.7949065281865119,0.823164991165367,0.0,0.0,0.823164991165367,24.0,0.0
Status quo (no rapid test),0.0,1.0,0.0,1.0,0.0,4,201255546,3.90490460395813,0.09252528381658759,0.777297432587048,0.1295323746009381,0.823687152382909,0.8549493891659175,0.0,0.0,0.8549493891659175,24.0,0.0
Status quo (no rapid test),0.0,1.0,0.0,1.0,0.0,5,491653253,4.0118749141693115,0.10986006292447176,0.5662760882494142,0.13607575615369505,0.7407754579442215,0.7690252542444598,0.0,0.0,0.7690252542444598,24.0,0.0
Status quo (no rapid test),0.0,1.0,0.0,1.0,0.0,6,720098724,3.9149019718170166,0.10084488438540255,0.6481730331247255,0.1654026048444636,0.8281417119816615,0.8510741628931886,0.0,0.0,0.8510741628931886,24.0,0.0
Status quo (no rapid test),0.0,1.0,0.0,1.0,0.0,7,753262276,3.904904365539551,0.1313437052293101,0.6627266972188778,0.1950412924664878,0.7124032795351876,0.7485118605823822,0.0,0.0,0.7485118605823822,24.0,0.0
Status quo (no rapid test),0.0,1.0,0.0,1.0,0.0,8,2075688205,4.0358686447143555,0.07694844416524377,0.7783096181091816,0.13680209099867047,0.7859764689853977,0.8119951513578634,0.0,0.0,0.8119951513578634,24.0,0.0
Status quo (no rapid test),0.0,1.0,0.0,1.0,0.0,9,144866415,3.7549469470977783,0.0647178317837827,0.5860132322425131,0.13097588680615335,0.9900094448742012,0.9926406038682455,0.0,0.0,0.9926406038682455,24.0,0.0
Status quo (no rapid test),0.0,1.0,0.0,1.0,0.0,10,1680835334,3.8179285526275635,0.12602064690944562,0.7634351661627443,0.2318473699947578,0.7868935054369984,0.8238432765951831,0.0,0.0,0.8238432765951831,24.0,0.0
Status quo (no rapid test),0.0,1.0,0.0,1.0,0.0,11,1802331721,3.8269267082214355,0.12348200481755466,0.8151758566016946,0.2900809453073188,0.7873177002914189,0.8163915756700578,0.0,0.0,0.8163915756700578,24.0,0.0
Status quo (no rapid test),0.0,1.0,0.0,1.0,0.0,12,351049798,3.72495436668396,0.09951943948191358,0.7855602456973498,0.15874198429886088,0.7744162062348472,0.8020811784046892,0.0,0.0,0.8020811784046892,24.0,0.0
Status quo (no rapid test),0.0,1.0,0.0,1.0,0.0,13,1192485129,3.874912738800049,0.0729042936878226,0.8546060202767051,0.1767553624921989,0.9150323780368587,0.9326167340038295,0.0,0.0,0.9326167340038295,24.0,0.0
Status quo (no rapid test),0.0,1.0,0.0,1.0,0.0,14,825563396,3.8339247703552246,0.20984234709394733,0.6022073041431243,0.17425727925166826,0.6145619804912454,0.6421738882955342,0.0,0.0,0.6421738882955342,24.0,0.0
Status quo (no rapid test),0.0,1.0,0.0,1.0,0.0,15,1802452503,3.741950035095215,0.08681249162769664,0.7581339601369518,0.12821210768373006,0.8069218898894931,0.835712189408612,0.0,0.0,0.835712189408612,24.0,0.0
Status quo (no rapid test),0.0,1.0,0.0,1.0,0.0,16,1857153899,3.9119040966033936,0.10984420968421038,0.6800414547932019,0.11844108459846261,0.736870824723886,0.7632920553690933,0.0,0.0,0.7632920553690933,24.0,0.0
Status quo (no rapid test),0.0,1.0,0.0,1.0,0.0,17,323249829,3.8509204387664795,0.08297145222610823,0.7440172030909504,0.1353059334645267,0.8642131279802843,0.8868908070498835,0.0,0.0,0.8868908070498835,24.0,0.0
Status quo (no rapid test),0.0,1.0,0.0,1.0,0.0,18,1765374533,3.8479208946228027,0.15106402925151396,0.575787912781464,0.13741747797255174,0.6554358749941485,0.6929286091652296,0.0,0.0,0.6929286091652296,24.0,0.0
Status quo (no rapid test),0.0,1.0,0.0,1.0,0.0,19,382228820,3.934896945953369,0.14649464649184288,0.7197849760692526,0.17363411665951595,0.6305353185447008,0.6613974182942235,0.0,0.0,0.6613974182942235,24.0,0.0
Status quo (no rapid test),0.0,1.0,0.0,1.0,0.0,20,789351915,3.793935775756836,0.08993562193086727,0.7825200080945358,0.19188725718860258,0.7603721862727312,0.7859700736025164,0.0,0.0,0.7859700736025164,24.0,0.0
Status quo (no rapid test),0.0,1.0,0.0,1.0,0.0,21,55720852,3.843921422958374,0.16290918746894786,0.7636215421072339,0.14911568935792027,0.6496942824346283,0.6791024272253933,0.0,0.0,0.6791024272253933,24.0,0.0
Status quo (no rapid test),0.0,1.0,0.0,1.0,0.0,22,403465758,3.814929962158203,0.16066529940023372,0.7610259013830684,0.13497592826264412,0.7172079637372686,0.7446973393303221,0.0,0.0,0.7446973393303221,24.0,0.0
Status quo (no rapid test),0.0,1.0,0.0,1.0,0.0,23,1327861161,3.84792160987854,0.06948668337937891,0.7474868595746688,0.1699427871161642,0.9536402523877722,0.9640130680373776,0.0,0.0,0.9640130680373776,24.0,0.0
Status quo (no rapid test),0.0,1.0,0.0,1.0,0.0,24,1134173538,3.750948667526245,0.07486565825405156,0.7492017445854076,0.14924829877975745,0.976602478166418,0.9825021451478,0.0,0.0,0.9825021451478,24.0,0.0
Status quo (no rapid test),0.0,1.0,0.0,1.0,0.0,25,115694946,3.8789126873016357,0.09244504019191081,0.7054873301160411,0.1768302959232551,0.7828228435821866,0.8136606079828061,0.0,0.0,0.8136606079828061,24.0,0.0
Status quo (no rapid test),0.0,1.0,0.0,1.0,0.0,26,1895837387,3.6969635486602783,0.1849766016144967,0.6344745262300111,0.12196801690060037,0.6856116165537665,0.7196016007385747,0.0,0.0,0.7196016007385747,24.0,0.0
Status quo (no rapid test),0.0,1.0,0.0,1.0,0.0,27,161642000,3.8449223041534424,0.1650945976720789,0.686852887551321,0.1623439215553106,0.659375332501571,0.6929705787160807,0.0,0.0,0.6929705787160807,24.0,0.0
Status quo (no rapid test),0.0,1.0,0.0,1.0,0.0,28,1519505455,3.7979352474212646,0.13926459126109225,0.8053094608641294,0.3310216586157656,0.6765141177364178,0.7015376373465155,0.0,0.0,0.7015376373465155,24.0,0.0
Status quo (no rapid test),0.0,1.0,0.0,1.0,0.0,29,1088640974,3.780940055847168,0.16201279021766765,0.8003246630816528,0.17225062152501522,0.7113184867881525,0.7363445962654559,0.0,0.0,0.7363445962654559,24.0,0.0
Status quo (no rapid test),0.0,1.0,0.0,1.0,0.0,30,1469565666,3.922898769378662,0.11418902053759361,0.715767527925488,0.2097297351052575,0.7008164491113102,0.7448597968850069,0.0,0.0,0.7448597968850069,24.0,0.0
Status quo (no rapid test),0.0,1.0,0.0,1.0,0.0,31,738146507,3.7889366149902344,0.0912579962694238,0.7797528909659508,0.19588974212725851,0.792300103491507,0.8251173357582406,0.0,0.0,0.8251173357582406,24.0,0.0
"(p=None, None), q=(None, None), c=0.500)",,,,,0.5,0,1980183620,6.314224004745483,0.07074936989199566,0.6332344411635006,0.1301634742418305,0.9128510562765935,0.9333092210072992,0.27755671896302125,0.02776617682544001,0.6279863252188382,24.0,0.0
"(p=None, None), q=(None, None), c=0.500)",,,,,0.5,1,609630810,6.388829946517944,0.07134485311957789,0.47386864601614276,0.09338446624513447,0.8252411564499138,0.8559382879918691,0.2052343604462476,0.02120662429094726,0.629497303254674,24.0,0.0
"(p=None, None), q=(None, None), c=0.500)",,,,,0.5,2,124993790,6.027931451797485,0.061790206796799786,0.579611350017787,0.15016700384044093,0.9854674152943751,0.9896465426703656,0.2426044699672858,0.03297028405988779,0.7140717886431921,24.0,0.0
"(p=None, None), q=(None, None), c=0.500)",,,,,0.5,3,822550227,6.155894756317139,0.06343788995062372,0.6002161319063981,0.10410025530781308,0.8901036755861301,0.912735224490997,0.2681167770396576,0.022418657699634924,0.6221997897517044,24.0,0.0
"(p=None, None), q=(None, None), c=0.500)",,,,,0.5,4,201255546,6.297854900360107,0.0792979337119329,0.7142821106031014,0.11404649990421743,0.9187698860567418,0.940159290378499,0.3176905247218166,0.024392490828604202,0.5980762748280783,24.0,0.0
"(p=None, None), q=(None, None), c=0.500)",,,,,0.5,5,491653253,6.258865594863892,0.09826800328561211,0.4643297086368057,0.09896369801422691,0.8003102431521874,0.8278637772542687,0.19876740933201165,0.021912418438020834,0.6071839494842358,24.0,0.0
"(p=None, None), q=(None, None), c=0.500)",,,,,0.5,6,720098724,6.045926570892334,0.08582345902029542,0.5859557523136194,0.14882143465549044,0.9149735885407979,0.9314831339050859,0.246016248290311,0.032453985718126105,0.6530128998966488,24.0,0.0
"(p=None, None), q=(None, None), c=0.500)",,,,,0.5,7,753262276,6.551800966262817,0.08559139361027247,0.49887737864784415,0.12700721398025072,0.8524272051780711,0.8840609903299907,0.21288623103152038,0.029102072146263785,0.6420726871522067,24.0,0.0
"(p=None, None), q=(None, None), c=0.500)",,,,,0.5,8,2075688205,6.114639043807983,0.06514114606347425,0.7001907313530172,0.11739635791009867,0.8625776709277165,0.8854951291148025,0.31398417140989715,0.02616341968255204,0.5453475380223531,24.0,0.0
"(p=None, None), q=(None, None), c=0.500)",,,,,0.5,9,144866415,5.932689905166626,0.070002580935716,0.5510156460011537,0.11691718895392332,0.9939750306452146,0.995742070227475,0.2326356180551441,0.025175234002637485,0.7379312181696932,24.0,0.0
"(p=None, None), q=(None, None), c=0.500)",,,,,0.5,10,1680835334,6.184619188308716,0.10304687094199581,0.6448335649748944,0.13790098719200203,0.8751854636711548,0.9059749816596832,0.27732901358433343,0.03306023815678008,0.5955857299185695,24.0,0.0
"(p=None, None), q=(None, None), c=0.500)",,,,,0.5,11,1802331721,6.046658277511597,0.11231401472144097,0.6652056262096928,0.14197832720772105,0.8275286216858394,0.8564081251805906,0.29169701682748383,0.03240736348033069,0.5323037448727761,24.0,0.0
"(p=None, None), q=(None, None), c=0.500)",,,,,0.5,12,351049798,6.044658422470093,0.06304975234707777,0.702455444706707,0.16577528747388065,0.9254576204072263,0.9435069895532182,0.29838611781492214,0.03786603834339426,0.6072548333949017,24.0,0.0
"(p=None, None), q=(None, None), c=0.500)",,,,,0.5,13,1192485129,6.120636463165283,0.06943331752397795,0.8382326381907396,0.16558790189154649,0.9739047204844924,0.9812293141637022,0.3591430608920136,0.0345678092564309,0.5875184440152575,24.0,0.0
"(p=None, None), q=(None, None), c=0.500)",,,,,0.5,14,825563396,6.383571147918701,0.17479345158155601,0.39908011816711136,0.09814207453511228,0.6843316759751175,0.7139799068915615,0.16989772931567526,0.02130994727873904,0.5227722302971471,24.0,0.0
"(p=None, None), q=(None, None), c=0.500)",,,,,0.5,15,1802452503,5.863709211349487,0.06212951973086614,0.6603177933075218,0.12066504992201631,0.9247130472277452,0.9434990433214462,0.2933382442335797,0.02547676579272618,0.62468403329514,24.0,0.0
"(p=None, None), q=(None, None), c=0.500)",,,,,0.5,16,1857153899,6.038659572601318,0.08809213526836965,0.5762087892545241,0.10699696338296884,0.8211520690102349,0.8471083777694841,0.2538420276497757,0.025315902054922724,0.5679504480647857,24.0,0.0
"(p=None, None), q=(None, None), c=0.500)",,,,,0.5,17,323249829,6.061652660369873,0.07371479621795629,0.700289674179412,0.12934438786273336,0.9654702054097357,0.9752532245643836,0.297527106508844,0.028194750678352296,0.6495313673771874,24.0,0.0
"(p=None, None), q=(None, None), c=0.500)",,,,,0.5,18,1765374533,6.320580005645752,0.13566816428073714,0.44063283547538445,0.10512375259818092,0.7035276337473296,0.7415590727201443,0.19015956220816543,0.024232143142292877,0.5271673673696863,24.0,0.0
"(p=None, None), q=(None, None), c=0.500)",,,,,0.5,19,382228820,6.199526071548462,0.10059781377658522,0.46410534878412707,0.12095067146733567,0.7495750546502368,0.7835197684082975,0.19728030700660226,0.027318211756074483,0.5589212496456208,24.0,0.0
"(p=None, None), q=(None, None), c=0.500)",,,,,0.5,20,789351915,6.255509376525879,0.07188753235387274,0.6778614289130371,0.16176914797815045,0.8537036428858329,0.8777465873648351,0.29399118495312665,0.03643224569790183,0.5473231567138065,24.0,0.0
"(p=None, None), q=(None, None), c=0.500)",,,,,0.5,21,55720852,6.012578010559082,0.10686295494431006,0.5183751465108353,0.11814779276216264,0.7556148555752711,0.7868095417459797,0.22225000725937316,0.025754230979946023,0.5388053035066601,24.0,0.0
"(p=None, None), q=(None, None), c=0.500)",,,,,0.5,22,403465758,6.08855676651001,0.11692629872775155,0.6160693967509093,0.1011374926804942,0.8249710165306943,0.8517085283518163,0.2679167640143398,0.022827620030498784,0.5609641443069777,24.0,0.0
"(p=None, None), q=(None, None), c=0.500)",,,,,0.5,23,1327861161,6.1975257396698,0.06943766466728986,0.7277468853606298,0.15937840365174474,0.9820016105935986,0.9867899494381266,0.3072360801405637,0.03409362051774022,0.6454602487798227,24.0,0.0
"(p=None, None), q=(None, None), c=0.500)",,,,,0.5,24,1134173538,5.959592580795288,0.0746497618201096,0.7419411693952188,0.14165108931501136,0.9980262802471226,0.998640300640801,0.3218598982249686,0.029873816307768194,0.6469065861080644,24.0,0.0
"(p=None, None), q=(None, None), c=0.500)",,,,,0.5,25,115694946,6.018576622009277,0.0821271326036474,0.6050292380673487,0.14505463054835277,0.8343985692452407,0.8632163856165208,0.26413147109143775,0.032501338370666676,0.5665835761544163,24.0,0.0
"(p=None, None), q=(None, None), c=0.500)",,,,,0.5,26,1895837387,6.065563678741455,0.18037824826946913,0.45582918290830093,0.07485278564612681,0.70685584843244,0.7411846422020235,0.20523817111026244,0.016762721454632475,0.5191837496371284,24.0,0.0
"(p=None, None), q=(None, None), c=0.500)",,,,,0.5,27,161642000,5.944597244262695,0.13915426969290678,0.638110118558327,0.10222066609994349,0.7235848040472126,0.7575114820783116,0.29140902359348325,0.022887873294077887,0.4432145851907506,24.0,0.0
"(p=None, None), q=(None, None), c=0.500)",,,,,0.5,28,1519505455,6.03057336807251,0.09826664291606374,0.6386116781210484,0.19317205220549818,0.7820581948268271,0.8075946577967542,0.26831455791486847,0.04218173464943344,0.4970983652324522,24.0,0.0
"(p=None, None), q=(None, None), c=0.500)",,,,,0.5,29,1088640974,6.12256121635437,0.09634646853906022,0.6527691662067047,0.1760350643906364,0.8905038917598734,0.9119233803830435,0.27488326517240663,0.03876378476538018,0.5982763304452565,24.0,0.0
"(p=None, None), q=(None, None), c=0.500)",,,,,0.5,30,1469565666,6.129562139511108,0.08142774558052976,0.5662598245765783,0.10246819924970581,0.8494029796062236,0.8892030475497847,0.25399469978964384,0.02343232151125602,0.6117760262488847,24.0,0.0
"(p=None, None), q=(None, None), c=0.500)",,,,,0.5,31,738146507,6.021575689315796,0.07366594418452234,0.7268352769214852,0.19880294009112226,0.9210339970116006,0.9427212407049207,0.3084167360161053,0.045131275312378046,0.5891732293764373,24.0,0.0
"(p=None, None), q=(None, None), c=0.750)",,,,,0.75,0,1980183620,6.236335039138794,0.07341983646328584,0.6181218164401932,0.12550061483208935,0.910037272473922,0.9291935827882911,0.407274992564011,0.040247721583888244,0.48167086864039166,24.0,0.0
"(p=None, None), q=(None, None), c=0.750)",,,,,0.75,1,609630810,6.2067437171936035,0.07458217456513931,0.46034070342240985,0.08959124300313565,0.8254052383384688,0.8546618489705691,0.29958834544993235,0.0306265839045742,0.5244469196160624,24.0,0.0
"(p=None, None), q=(None, None), c=0.750)",,,,,0.75,2,124993790,5.961002826690674,0.06415670074760804,0.5663794624557712,0.14445324122977884,0.9892459075962796,0.9922746476230512,0.35657905660086103,0.0476458781620973,0.588049712860093,24.0,0.0
"(p=None, None), q=(None, None), c=0.750)",,,,,0.75,3,822550227,6.108110427856445,0.06509554498464999,0.5926481296920488,0.10102911949750239,0.8962774965473231,0.9169632563821477,0.3977959617145332,0.03261598689264525,0.4865513077749689,24.0,0.0
"(p=None, None), q=(None, None), c=0.750)",,,,,0.75,4,201255546,6.221201181411743,0.07922284737019387,0.7134574776240729,0.11234253923937626,0.9323075887957948,0.9496497867230158,0.4757534841811767,0.035923067388448256,0.43797323515339087,24.0,0.0
"(p=None, None), q=(None, None), c=0.750)",,,,,0.75,5,491653253,6.153707265853882,0.10042588424925976,0.4575001742558076,0.09584583711987671,0.8056451884920471,0.8319209265060491,0.2943943334339781,0.031786502621034246,0.5057400904510363,24.0,0.0
"(p=None, None), q=(None, None), c=0.750)",,,,,0.75,6,720098724,5.954050540924072,0.08873236910527278,0.5705872650841591,0.14175926175035378,0.9109813606295063,0.9277203685828342,0.36061463735237526,0.046490091588455226,0.5206156396420039,24.0,0.0
"(p=None, None), q=(None, None), c=0.750)",,,,,0.75,7,753262276,6.130433797836304,0.08673767147304626,0.4892906041247308,0.12270616815105574,0.8608244399599662,0.8899748603409715,0.31360830213742835,0.04217589562127827,0.5341906625822649,24.0,0.0
"(p=None, None), q=(None, None), c=0.750)",,,,,0.75,8,2075688205,6.046992540359497,0.06396599481525105,0.7047105897567476,0.11309794128605319,0.88082623009302,0.9009842375518149,0.47542086705789716,0.0376491824835914,0.3879141880103261,24.0,0.0
"(p=None, None), q=(None, None), c=0.750)",,,,,0.75,9,144866415,5.891067743301392,0.07266256846449073,0.5413394990854112,0.11179449862534169,0.9968204567784704,0.9976600673831988,0.344368429547813,0.036126652720994995,0.6171649851143909,24.0,0.0
"(p=None, None), q=(None, None), c=0.750)",,,,,0.75,10,1680835334,6.044146776199341,0.10286235868523148,0.6416874100383115,0.13396092938230386,0.8882995590793757,0.9162044170117493,0.4146717832607393,0.04815701046372812,0.45337562328728204,24.0,0.0
"(p=None, None), q=(None, None), c=0.750)",,,,,0.75,11,1802331721,5.814044713973999,0.11297056013964894,0.6610370975560127,0.1355847585831538,0.8352713588705692,0.8626800021342962,0.43700443061683253,0.04622761796725688,0.37944795355020683,24.0,0.0
"(p=None, None), q=(None, None), c=0.750)",,,,,0.75,12,351049798,5.92031455039978,0.07643736482686415,0.6432201402875102,0.14565904503743896,0.8676242790778241,0.8914941127369355,0.41514776829508065,0.05035901155417448,0.42598733288768065,24.0,0.0
"(p=None, None), q=(None, None), c=0.750)",,,,,0.75,13,1192485129,6.049723863601685,0.06970891901239551,0.8350063568193997,0.15908218437393354,0.9748852162037324,0.9814366567703533,0.5385667708289472,0.04990504693710125,0.39296483900430473,24.0,0.0
"(p=None, None), q=(None, None), c=0.750)",,,,,0.75,14,825563396,5.9873127937316895,0.169695719729446,0.39821721779174696,0.094807330039326,0.7008937122838168,0.7286100802357535,0.2552267693408215,0.030638814353520602,0.44274449654141157,24.0,0.0
"(p=None, None), q=(None, None), c=0.750)",,,,,0.75,15,1802452503,5.724008798599243,0.06756268022484607,0.6304914963718143,0.11592101157523117,0.9000552859047106,0.9220712916731288,0.4217454074606928,0.03699920618761788,0.4633266780248181,24.0,0.0
"(p=None, None), q=(None, None), c=0.750)",,,,,0.75,16,1857153899,6.095455646514893,0.08438977632909644,0.5848766817198996,0.10866142054896556,0.8448352926879232,0.8675479733633591,0.38585358673098274,0.03860968342950707,0.4430847032028695,24.0,0.0
"(p=None, None), q=(None, None), c=0.750)",,,,,0.75,17,323249829,6.008871793746948,0.07473207981756544,0.6866333485667792,0.12642278024402498,0.9678993525113953,0.9759225195535538,0.4382437782322794,0.04132767824684391,0.4963510630744302,24.0,0.0
"(p=None, None), q=(None, None), c=0.750)",,,,,0.75,18,1765374533,6.067337512969971,0.1356045283026469,0.4338619078469842,0.10245260384630933,0.7120066132073043,0.749177630422247,0.2811510919576126,0.035433575150679145,0.4325929633139552,24.0,0.0
"(p=None, None), q=(None, None), c=0.750)",,,,,0.75,19,382228820,6.032196998596191,0.09462017097485088,0.4680522085094191,0.11975098239461016,0.7776683842783405,0.808111396597273,0.29880399550060743,0.04035638074428866,0.46895102035237707,24.0,0.0
"(p=None, None), q=(None, None), c=0.750)",,,,,0.75,20,789351915,6.055340766906738,0.07270500012679859,0.6703543623519934,0.1564915080400845,0.8597359423070147,0.8810092632007489,0.43708455476962554,0.05271896416319228,0.39120574426793103,24.0,0.0
"(p=None, None), q=(None, None), c=0.750)",,,,,0.75,21,55720852,6.005048751831055,0.0958471922082291,0.5269141540706047,0.1174023386961041,0.7881740248134862,0.8166030179612745,0.3393518725805359,0.03831072911884592,0.4389404162618924,24.0,0.0
"(p=None, None), q=(None, None), c=0.750)",,,,,0.75,22,403465758,5.928154230117798,0.11999727913620127,0.6059312323589569,0.09641100628614195,0.8300491644024106,0.8549197603932587,0.39654312802441666,0.032629442482082514,0.4257471898867594,24.0,0.0
"(p=None, None), q=(None, None), c=0.750)",,,,,0.75,23,1327861161,5.902921676635742,0.07016727916075959,0.7205811592546236,0.15511071288943332,0.9824385292380701,0.9867917095860156,0.45759351239661816,0.04976108391152067,0.4794371132778766,24.0,0.0
"(p=None, None), q=(None, None), c=0.750)",,,,,0.75,24,1134173538,5.893277168273926,0.07567466124815271,0.7368823961280299,0.13810758789051492,0.997412823282136,0.9981253656448092,0.48090302943059404,0.043632707673751187,0.47358962854046427,24.0,0.0
"(p=None, None), q=(None, None), c=0.750)",,,,,0.75,25,115694946,5.91537618637085,0.0837875011281476,0.5920523281562281,0.14207103118796932,0.83949050408468,0.8675506446852769,0.38770851819527846,0.047804765642012075,0.4320373608479863,24.0,0.0
"(p=None, None), q=(None, None), c=0.750)",,,,,0.75,26,1895837387,5.75345253944397,0.15583113018545508,0.47523622626402073,0.07511266923522288,0.7546109530434228,0.7880112911450549,0.32196871310224034,0.025097097345234395,0.4409454806975801,24.0,0.0
"(p=None, None), q=(None, None), c=0.750)",,,,,0.75,27,161642000,5.87831711769104,0.15299556471175157,0.6091192259760921,0.09600804920880952,0.6965254143267142,0.7300827719411287,0.41854456131329043,0.03221133195756055,0.2793268786702778,24.0,0.0
"(p=None, None), q=(None, None), c=0.750)",,,,,0.75,28,1519505455,5.903622388839722,0.09016643887286892,0.6553595159659545,0.19414192442461364,0.8118390516183339,0.8350392439060336,0.41382802712206157,0.06337014782755629,0.35784106895641593,24.0,0.0
"(p=None, None), q=(None, None), c=0.750)",,,,,0.75,29,1088640974,5.919015407562256,0.09382903652216353,0.6584141301805043,0.17259878642267146,0.9195569427197163,0.9347739615881298,0.41623871923521527,0.056656991023326164,0.4618782513295884,24.0,0.0
"(p=None, None), q=(None, None), c=0.750)",,,,,0.75,30,1469565666,5.9791436195373535,0.08057568931217433,0.5608529825919321,0.10027290204785767,0.8605785172367676,0.8963218861674114,0.37665674156197027,0.03420239974378349,0.48546274486165764,24.0,0.0
"(p=None, None), q=(None, None), c=0.750)",,,,,0.75,31,738146507,5.885855197906494,0.07332805923166533,0.7207446316512102,0.19454363265103145,0.9319173030371245,0.9494896592152855,0.45906716067210085,0.06631299535352016,0.42410950318966445,24.0,0.0
"(p=None, None), q=(None, None), c=1.000)",,,,,1.0,0,1980183620,6.018166780471802,0.07405655166281319,0.6148839498371251,0.12104078611196636,0.9196978372922838,0.9369370443542308,0.5415426251224145,0.051650297093853784,0.34374412213796235,24.0,0.0
"(p=None, None), q=(None, None), c=1.000)",,,,,1.0,1,609630810,6.322080373764038,0.0781060960622475,0.4480904595453106,0.08644544283282501,0.8240377534520056,0.8532200088761392,0.38950532377718877,0.03940842479726204,0.4243062603016885,24.0,0.0
"(p=None, None), q=(None, None), c=1.000)",,,,,1.0,2,124993790,5.769236087799072,0.06571952117257573,0.5565696542564035,0.13899395696510683,0.9929637225545471,0.9949659208344463,0.46893110324985754,0.0613495950403266,0.464685222544262,24.0,0.0
"(p=None, None), q=(None, None), c=1.000)",,,,,1.0,3,822550227,6.200950860977173,0.06691696696049645,0.5812228663675153,0.0964143678561507,0.8992732398967589,0.919247711986684,0.5216063984151446,0.04158559913021395,0.3560557144413255,24.0,0.0
"(p=None, None), q=(None, None), c=1.000)",,,,,1.0,4,201255546,5.97601318359375,0.07994045322884219,0.710320886125248,0.11157991079423431,0.9401095004739003,0.9555388375496574,0.6315844708044097,0.04753203528332718,0.2764223314619205,24.0,0.0
"(p=None, None), q=(None, None), c=1.000)",,,,,1.0,5,491653253,5.979012489318848,0.10102912176782765,0.4549430715198646,0.09287085710003799,0.815654107528906,0.8412143096322657,0.3917195817947722,0.04101996924173302,0.40847475859576066,24.0,0.0
"(p=None, None), q=(None, None), c=1.000)",,,,,1.0,6,720098724,5.792065143585205,0.09640704873558782,0.5481035930926743,0.1329747080974865,0.8841224764630619,0.9036201087731971,0.46454982535024536,0.05834735325364221,0.3807229301693094,24.0,0.0
"(p=None, None), q=(None, None), c=1.000)",,,,,1.0,7,753262276,5.887038469314575,0.08926401140489373,0.48142732091871593,0.11891804095878979,0.8623806598230026,0.8912620746123152,0.412665251841319,0.05457807442352802,0.4240187483474682,24.0,0.0
"(p=None, None), q=(None, None), c=1.000)",,,,,1.0,8,2075688205,5.909032106399536,0.06811105296561915,0.6863190542301476,0.1092758119936348,0.8679752423340124,0.8890690462243656,0.6194906101150561,0.04874214605329726,0.22083629005601213,24.0,0.0
"(p=None, None), q=(None, None), c=1.000)",,,,,1.0,9,144866415,5.788066387176514,0.075620711442574,0.5279306384625572,0.1062517534724254,0.9986761154192766,0.9990130934474789,0.4497072515928702,0.045808297167828346,0.5034975446867805,24.0,0.0
"(p=None, None), q=(None, None), c=1.000)",,,,,1.0,10,1680835334,5.817058086395264,0.1055951144741172,0.6314947447979286,0.12972716587683628,0.8897224290862532,0.9173533173511147,0.545974780572878,0.06235958120877266,0.309018955569464,24.0,0.0
"(p=None, None), q=(None, None), c=1.000)",,,,,1.0,11,1802331721,5.664100885391235,0.08991236401616748,0.7249246843817387,0.14156766455355585,0.9249526661482201,0.9435175544762653,0.637137546494363,0.0636568449347241,0.24272316304717834,24.0,0.0
"(p=None, None), q=(None, None), c=1.000)",,,,,1.0,12,351049798,5.769071817398071,0.09194689711275127,0.604624151250468,0.13466344321181947,0.8261828168162153,0.8527617341774267,0.5238424409348373,0.06239170832004171,0.26652758492254747,24.0,0.0
"(p=None, None), q=(None, None), c=1.000)",,,,,1.0,13,1192485129,5.833053827285767,0.07074478826345114,0.8241922827110151,0.15309345275153932,0.9678970761647436,0.975884436964961,0.7119508459223508,0.06411266197495251,0.19982092906765786,24.0,0.0
"(p=None, None), q=(None, None), c=1.000)",,,,,1.0,14,825563396,5.840051651000977,0.16845465331918227,0.39360439513760753,0.09168691938117987,0.7108309702198348,0.7384520792452224,0.3373957458727919,0.03946810095259476,0.3615882324198357,24.0,0.0
"(p=None, None), q=(None, None), c=1.000)",,,,,1.0,15,1802452503,5.691093683242798,0.08193543912740131,0.5811929139932116,0.10218062331407378,0.8501522090065695,0.8769079737048839,0.5231968635726295,0.04361786982098328,0.31009324031127117,24.0,0.0
"(p=None, None), q=(None, None), c=1.000)",,,,,1.0,16,1857153899,5.89003849029541,0.08677859690262534,0.5738251458520743,0.10653240095097434,0.8381612504287578,0.8606023979724404,0.5052433022184691,0.05058121377165017,0.3047778819823209,24.0,0.0
"(p=None, None), q=(None, None), c=1.000)",,,,,1.0,17,323249829,5.880039691925049,0.07576169579304975,0.679935534644103,0.12253411334453526,0.9711858117535757,0.9780227814113512,0.5800123142383083,0.053444043138249284,0.3445664240347939,24.0,0.0
"(p=None, None), q=(None, None), c=1.000)",,,,,1.0,18,1765374533,5.745077610015869,0.14253735063352704,0.4203352312706526,0.09704039578798607,0.7033833105720881,0.7408377558636698,0.36447026794452,0.0446958755878598,0.33167161233129006,24.0,0.0
"(p=None, None), q=(None, None), c=1.000)",,,,,1.0,19,382228820,5.828054666519165,0.10055030873206991,0.45178714916886775,0.11117241751613526,0.7699501133503225,0.800333805569756,0.38652605649316757,0.04995710703530241,0.3638506420412858,24.0,0.0
"(p=None, None), q=(None, None), c=1.000)",,,,,1.0,20,789351915,5.836051940917969,0.07251891951779127,0.6720098575932023,0.15630519700888312,0.8729877421152049,0.8927085749124853,0.5845294935689133,0.07015160341172416,0.23802747793184792,24.0,0.0
"(p=None, None), q=(None, None), c=1.000)",,,,,1.0,21,55720852,5.814058780670166,0.10626837500264387,0.5068437129990571,0.10954499248172798,0.7766659864840215,0.8056715184752973,0.43720051480761596,0.04762985012200386,0.3208411535456774,24.0,0.0
"(p=None, None), q=(None, None), c=1.000)",,,,,1.0,22,403465758,5.801062822341919,0.10985609601728345,0.6273103931803772,0.09505084359318332,0.8736547613121752,0.8954069157426559,0.5487978721677839,0.042791215313704056,0.3038178282611678,24.0,0.0
"(p=None, None), q=(None, None), c=1.000)",,,,,1.0,23,1327861161,5.8380513191223145,0.07139269948096397,0.7170264059019645,0.15345521276297794,0.9851804243092219,0.9888049995660357,0.6080390464212143,0.06578589569480363,0.3149800574500176,24.0,0.0
"(p=None, None), q=(None, None), c=1.000)",,,,,1.0,24,1134173538,5.730082035064697,0.07647241244207373,0.7324377795637672,0.1373349477254225,0.9971671086719612,0.9979172778549399,0.6378542901835681,0.057872644636030854,0.3021903430353412,24.0,0.0
"(p=None, None), q=(None, None), c=1.000)",,,,,1.0,25,115694946,5.712033987045288,0.08942574346320971,0.5719097469941129,0.132833257967753,0.8295876424904356,0.8583573223582164,0.5022919249160313,0.059598566684626736,0.29646683075755864,24.0,0.0
"(p=None, None), q=(None, None), c=1.000)",,,,,1.0,26,1895837387,5.745025157928467,0.17354740099773397,0.4551788823203334,0.07024225904659892,0.7319812252494344,0.7662428031615371,0.41287307586422434,0.03129829295130235,0.32207143434601065,24.0,0.0
"(p=None, None), q=(None, None), c=1.000)",,,,,1.0,27,161642000,5.681941986083984,0.14830026060794177,0.6192289701075437,0.09318638312560461,0.7104273009164181,0.7439876604583232,0.5702004598545044,0.04168314377406291,0.13210405682975576,24.0,0.0
"(p=None, None), q=(None, None), c=1.000)",,,,,1.0,28,1519505455,5.66394829750061,0.09871524154176135,0.6328989859244648,0.1891170567069593,0.7905802141836962,0.8139808834317483,0.5327375677645049,0.08240937295461266,0.19883394271263113,24.0,0.0
"(p=None, None), q=(None, None), c=1.000)",,,,,1.0,29,1088640974,5.726929664611816,0.09843479833594221,0.6395945255116097,0.16509807205854204,0.9144049891550258,0.9299618051987428,0.5409282352499534,0.0723156571147872,0.3167179128340023,24.0,0.0
"(p=None, None), q=(None, None), c=1.000)",,,,,1.0,30,1469565666,5.697937250137329,0.08208217447521125,0.5551258564115493,0.09908374686292731,0.8564733809910372,0.8921162030065156,0.4978536158571158,0.045065954580532995,0.34919663256886707,24.0,0.0
"(p=None, None), q=(None, None), c=1.000)",,,,,1.0,31,738146507,5.6799421310424805,0.07432034861876773,0.7161330982790409,0.1929798127371327,0.9324040871827767,0.949635752731864,0.6089208020166438,0.08781058979415372,0.25290436092106666,24.0,0.0
